,TCONST,TITLE,YEAR,BECHDEL,SCORES,VOTES,BUDGETS,RELEASED_DAY,RELEASED_MON,RELEASED_YEAR,WINNER,COUNTRY
0,tt0018379,seventh heaven,1926,0,7.7,2801,1300000,30,10.0,1927,0,35
1,tt0018037,the jazz singer,1927,0,6.7,8254,422000,6,10.0,1927,0,35
2,tt0037024,the lodger,1927,0,7.2,2751,800000,19,1.0,1944,0,35
3,tt0018051,the kid brother,1927,0,7.6,3448,250000.0,17,1.0,1927,0,35
4,tt0018033,it,1927,1,7.4,2726,2000000.0,15,2.0,1927,0,35
5,tt0018192,napoléon,1927,0,7.7,6295,152000,7,4.0,1927,0,1
6,tt0018455,sunrise,1927,1,8.1,43717,200000.0,4,11.0,1927,0,35
7,tt0017136,metropolis,1927,1,8.3,145916,3407043.0,13,3.0,1927,0,35
8,tt0018526,underworld,1927,1,7.6,2228,100000.0,29,10.0,1927,0,35
9,tt0018742,the cameraman,1928,0,8.2,9302,1200000.0,22,9.0,1928,0,35
10,tt0019688,big business,1928,1,7.8,2567,2500.0,20,4.0,1929,0,35
11,tt0019254,the passion of joan of arc,1928,0,8.1,41233,7125440.0,25,10.0,1928,0,2
12,tt0018806,the crowd,1928,1,8.0,6868,1000000.0,3,3.0,1928,0,35
13,tt0019585,the wind,1928,1,8.2,5577,1000000.0,23,11.0,1928,0,35
14,tt0019071,the last command,1928,0,8.0,2963,390000.0,24,3.0,1928,0,3
15,tt0018217,october (ten days that shook the world),1928,0,7.5,6350,2500000.0,24,9.0,1928,0,4
16,tt0018523,an italian straw hat,1928,0,6.9,714,500000.0,13,1.0,1928,0,2
17,tt0018839,the docks of new york,1928,0,7.6,3517,380000.0,29,9.0,1928,0,35
18,tt0019421,"steamboat bill, jr.",1928,1,8.0,11761,404282.0,20,5.0,1928,0,35
19,tt0020530,un chien andalou,1928,1,7.8,42313,16931.0,6,6.0,1929,0,2
20,tt0021577,l'âge d'or,1929,0,7.4,11579,169309.0,1,11.0,1979,0,35
21,tt0019760,the man with the movie camera,1929,0,8.4,19978,121590.0,12,5.0,1929,0,35
22,tt0019735,bulldog drummond,1929,0,6.5,767,550000,2,5.0,1929,0,35
23,tt0019644,applause,1929,0,7.3,1201,200000.0,4,1.0,1930,0,35
24,tt0020298,queen kelly,1929,0,7.7,2963,800000,18,10.0,1932,0,5
25,tt0019959,hallelujah,1929,0,6.9,1426,500000.0,20,8.0,1929,0,35
26,tt0018737,pandora's box,1929,0,7.9,8990,800000.0,22,2.0,1930,0,6
27,tt0019823,disraeli,1929,0,6.3,902,318000.0,1,11.0,1929,0,35
28,tt0019702,blackmail,1929,1,7.0,8701,12000.0,6,10.0,1929,0,35
29,tt0020112,the love parade,1929,0,7.2,1784,650000,18,1.0,1930,0,35
30,tt0020640,animal crackers,1930,1,7.6,12299,125000.0,6,9.0,1930,0,35
31,tt0020960,hell's angels,1930,0,7.7,4479,3950000,15,11.0,1930,0,35
32,tt0020686,the big house,1930,0,7.1,1633,414000,14,6.0,1930,0,35
33,tt0021153,monte carlo,1930,1,6.9,1042,726465,27,8.0,1930,0,35
34,tt0021409,under the roofs of paris,1930,0,7.2,1829,37586658.0,15,12.0,1930,0,35
35,tt0021571,earth,1930,1,7.4,4333,2000000.0,17,10.0,1930,0,35
36,tt0020697,the blue angel,1930,0,7.8,12486,77982.0,5,12.0,1930,0,35
37,tt0021156,morocco,1930,1,7.2,4939,4800.0,6,12.0,1930,0,35
38,tt0021749,city lights,1931,1,8.5,149626,1500000,7,3.0,1931,0,35
39,tt0022835,dr. jekyll and mr. hyde,1931,0,7.7,11486,535000,3,1.0,1932,0,35
40,tt0021739,la chienne,1931,1,7.6,3262,100000.0,20,11.0,1931,0,2
41,tt0021079,little caesar,1931,1,7.3,10859,281000.0,25,1.0,1931,0,35
42,tt0021884,frankenstein,1931,1,7.9,59112,291000,21,11.0,1931,0,35
43,tt0022100,m,1931,1,8.3,129744,500000.0,31,8.0,1931,0,4
44,tt0022599,à nous la liberté,1931,0,7.6,3757,1500000.0,31,12.0,1931,0,35
45,tt0022286,the public enemy,1931,0,7.7,16197,190000.0,15,5.0,1931,0,35
46,tt0021814,dracula,1931,1,7.6,41574,355000,14,2.0,1931,0,35
47,tt0022150,le million,1931,0,7.5,2964,90000.0,4,2.0,1931,0,7
48,tt0023649,vampyr,1932,1,7.6,13962,20000.0,14,8.0,1934,0,35
49,tt0022913,freaks,1932,1,7.9,38539,310607,20,2.0,1932,0,35
50,tt0023303,one hour with you,1932,0,7.3,1848,851000.0,25,3.0,1932,0,35
51,tt0023427,scarface,1932,1,7.8,23046,180000.0,9,4.0,1932,0,35
52,tt0024803,zéro de conduite,1932,0,7.4,7005,33862.0,21,6.0,1947,0,35
53,tt0023158,love me tonight,1932,1,7.7,3312,950000.0,14,10.0,1932,0,1
54,tt0023622,trouble in paradise,1932,0,8.1,11796,519706,28,10.0,1932.0,0,35
55,tt0023042,i am a fugitive from a chain gang,1932,1,8.2,10622,195845,19,11.0,1932,0,35
56,tt0022718,boudu saved from drowning,1932,1,7.4,4764,80000.0,23,2.0,1967,0,35
57,tt0023458,shanghai express,1932,1,7.4,6605,850000.0,12,2.0,1932,0,35
58,tt0024034,42nd street,1933,1,7.6,9787,439000,11,3.0,1933,0,35
59,tt0023948,dinner at eight,1933,0,7.7,7018,435000,12,1.0,1934,0,35
60,tt0024481,queen christina,1933,1,7.8,6633,1114000,9,2.0,1934,0,35
61,tt0024069,gold diggers of 1933,1933,1,8.0,6633,433000,27,5.0,1933,0,35
62,tt0024473,the private life of henry viii,1933,0,7.2,3323,60000,21,9.0,1933,0,35
63,tt0024548,she done him wrong,1933,0,6.4,4993,200000,9,2.0,1933,0,35
64,tt0024264,little women,1933,1,7.3,5597,424000,24,11.0,1933,0,35
65,tt0024216,king kong,1933,1,7.9,74137,670000,7,4.0,1933,0,35
66,tt0023969,duck soup,1933,1,7.9,52545,160000.0,17,11.0,1933,0,35
67,tt0025919,twentieth century,1934,1,7.7,5401,200000.0,11,5.0,1934,0,35
68,tt0025948,viva villa!,1934,0,6.5,1046,1017400,27,4.0,1934,0,35
69,tt0025164,the gay divorcee,1934,0,7.6,6267,520000,12,10.0,1934,0,35
70,tt0025004,the count of monte cristo,1934,0,7.5,2234,1400000.0,7,9.0,1934,0,35
71,tt0025878,the thin man,1934,0,8.1,24299,226408,25,5.0,1934,0,35
72,tt0025746,the scarlet empress,1934,0,7.7,5224,900000,7,9.0,1934,0,35
73,tt0025318,it's a gift,1934,0,7.3,4551,666000.0,30,11.0,1934,0,35
74,tt0024844,l'atalante,1934,0,7.8,13047,1017920.0,21,6.0,1947,0,35
75,tt0024894,the black cat,1934,1,7.1,8269,95745,7,5.0,1934,0,35
76,tt0026029,the 39 steps,1935,0,7.8,47078,60000,1,8.0,1935,0,35
77,tt0026529,the informer,1935,0,7.5,5210,243000,24,5.0,1935,0,35
78,tt0026955,ruggles of red gap,1935,0,7.7,3397,290000.0,8,3.0,1935,0,35
79,tt0026266,david copperfield,1935,0,7.5,3455,1073000.0,20,6.0,1935,0,5
80,tt0026725,les misérables,1935,0,7.6,3084,1000000,20,4.0,1935,0,35
81,tt0026138,the bride of frankenstein,1935,0,7.9,39455,397024,6,5.0,1935,0,35
82,tt0027125,top hat,1935,1,7.8,15778,609000,6,9.0,1935,0,35
83,tt0026778,a night at the opera,1935,1,8.0,28747,1057000.0,15,11.0,1935,0,35
84,tt0025913,triumph of the will,1935,0,7.4,13861,158995.0,28,3.0,1935,0,1
85,tt0027652,fury,1936,1,7.9,10321,604000.0,5,6.0,1936,0,35
86,tt0028950,grand illusion,1936,0,8.1,31228,70000.0,12,9.0,1938,0,35
87,tt0028216,san francisco,1936,1,7.3,4559,1300000,26,6.0,1936,0,35
88,tt0028445,a day in the country,1936,0,7.7,5135,400000.0,12,12.0,1950,0,35
89,tt0027977,modern times,1936,1,8.5,193492,1500000,25,2.0,1936,0,35
90,tt0028010,my man godfrey,1936,1,8.1,18922,656000,6,9.0,1936,0,35
91,tt0028249,show boat,1936,1,7.5,2610,1100000.0,17,5.0,1936,0,35
92,tt0027996,mr. deeds goes to town,1936,1,8.0,18268,845710.0,12,4.0,1936,0,35
93,tt0027532,dodsworth,1936,0,8.0,7283,80000.0,23,9.0,1936,0,35
94,tt0028333,swing time,1936,1,7.6,11124,886000,12,10.0,1936,0,8
95,tt0028683,camille,1936,1,7.5,6746,1486000,12.0,12.0,1936.0,0,35
96,tt0029442,the prisoner of zenda,1937,0,7.7,3878,1250000,3,9.0,1937,0,35
97,tt0029604,stage door,1937,1,7.8,7073,952000,8,10.0,1937,0,35
98,tt0029162,lost horizon,1937,1,7.8,11214,4000000,1,9.0,1937,0,35
99,tt0029606,a star is born,1937,1,7.5,7772,1173639,27,4.0,1937,0,35
100,tt0028944,the good earth,1937,0,7.7,4166,2800000,6,8.0,1937,0,35
101,tt0028597,the awful truth,1937,0,7.8,16316,600000,21,10.0,1937,0,35
102,tt0029583,snow white and the seven dwarfs,1937,1,7.6,166069,2000000,4,2.0,1938,0,35
103,tt0029192,make way for tomorrow,1937,1,8.2,6480,550000.0,7,10.0,1937,0,2
104,tt0030127,the baker's wife,1938,0,7.5,1485,780000.0,26,2.0,1940,0,35
105,tt0030637,pygmalion,1938,0,7.8,7198,350000,3,3.0,1939,0,35
106,tt0029870,angels with dirty faces,1938,1,7.9,18452,900000.0,26,11.0,1938,0,35
107,tt0029947,bringing up baby,1938,1,7.9,51391,1073000,18,2.0,1938,0,35
108,tt0030341,the lady vanishes,1938,0,7.9,43006,80000.0,1,11.0,1938,0,35
109,tt0030522,olympia part one: festival of the nations,1938,0,7.9,3973,851760.0,8,3.0,1940,0,35
110,tt0030287,jezebel,1938,1,7.6,10772,1250000,26,3.0,1938,0,35
111,tt0029850,alexander nevsky,1938,0,7.6,9701,1850000.0,22,3.0,1939,0,35
112,tt0029843,the adventures of robin hood,1938,0,8.0,44220,1900000,14,5.0,1938,0,35
113,tt0030523,olympia part two: festival of beauty,1938,0,7.9,3322,890000.0,29,3.0,1940,0,35
114,tt0031225,destry rides again,1939,1,7.7,9226,700000.0,29,12.0,1939,0,35
115,tt0031885,the rules of the game,1939,0,8.1,24459,900000.0,8,4.0,1950,0,35
116,tt0031679,mr. smith goes to washington,1939,1,8.2,98990,1500000,19,10.0,1939,0,35
117,tt0031971,stagecoach,1939,1,7.9,38550,392000,3,3.0,1939,0,35
118,tt0032143,the women,1939,1,7.9,11645,1688000,1,9.0,1939,0,35
119,tt0032145,wuthering heights,1939,1,7.7,15021,1000000.0,7,4.0,1939,0,35
120,tt0031514,le jour se lève,1939,0,7.8,5974,846546.0,29,7.0,1940,0,35
121,tt0031725,ninotchka,1939,1,8.0,17360,1365000,23,11.0,1939,0,35
122,tt0032138,the wizard of oz,1939,0,8.0,354596,2800000,25,8.0,1939,0,35
123,tt0032455,fantasia,1940,1,7.8,82424,2280000,20,6.0,1941,0,35
124,tt0033152,the thief of bagdad,1940,0,7.5,10854,1135654.0,25,12.0,1940,0,35
125,tt0033045,the shop around the corner,1940,0,8.1,24646,160000.0,12,1.0,1940,0,35
126,tt0032553,the great dictator,1940,0,8.5,183205,2000000,7,3.0,1941,0,35
127,tt0032234,the bank dick,1940,0,7.3,6248,90000.0,29,11.0,1940,0,35
128,tt0032599,his girl friday,1940,1,8.0,48870,280000.0,18,1.0,1940,0,35
129,tt0032910,pinocchio,1940,1,7.5,117804,2600000,23,2.0,1940,0,35
130,tt0032904,the philadelphia story,1940,0,8.0,58914,914000.0,17,1.0,1941,0,35
131,tt0032551,the grapes of wrath,1940,0,8.1,81540,800000,15,3.0,1940,0,35
132,tt0034167,sergeant york,1941,0,7.8,14217,1400000,27,9.0,1941,0,35
133,tt0033804,the lady eve,1941,0,7.9,17422,660000.0,21,3.0,1941,0,35
134,tt0033712,here comes mr. jordan,1941,0,7.6,5399,3600000.0,21,8.0,1941,0,35
135,tt0033563,dumbo,1941,1,7.3,109426,950000,31,10.0,1941,0,35
136,tt0033836,the little foxes,1941,0,8.1,9324,1200000.0,29,8.0,1941,0,35
137,tt0033467,citizen kane,1941,1,8.3,366775,839727,5,9.0,1941,0,35
138,tt0034240,sullivan's travels,1941,0,8.0,21839,689665,6,2.0,1942,0,35
139,tt0033717,high sierra,1941,1,7.6,13725,455000,25,1.0,1941,0,35
140,tt0033870,the maltese falcon,1941,0,8.0,141417,375000,18,10.0,1941,0,35
141,tt0035140,"now, voyager",1942,1,8.0,13613,877000.0,31,10.0,1942,0,35
142,tt0035015,the magnificent ambersons,1942,0,7.8,20447,850000,10,7.0,1942,0,35
143,tt0035446,to be or not to be,1942,1,8.2,23514,1200000.0,6,3.0,1942,0,35
144,tt0035575,yankee doodle dandy,1942,0,7.7,13023,1532000.0,6,6.0,1942,0,35
145,tt0034587,cat people,1942,1,7.4,17561,134000,25,12.0,1942,0,35
146,tt0034946,kings row,1942,0,7.6,3638,1081698.0,18,4.0,1942,0,35
147,tt0034492,bambi,1942,1,7.3,119418,1700000.0,21,8.0,1942,0,35
148,tt0035169,the palm beach story,1942,0,7.7,9810,950000.0,1,1.0,1943,0,35
149,tt0035567,woman of the year,1942,1,7.3,8356,3000000.0,14.0,2.0,1942.0,0,35
150,tt0036377,the song of bernadette,1943,0,7.6,5539,2000000,21.0,12.0,1943.0,0,35
151,tt0036515,watch on the rhine,1943,1,7.4,3457,1099000.0,27,8.0,1943,0,35
152,tt0035896,for whom the bell tolls,1943,0,6.9,7675,3000000,28,4.0,1944,0,4
153,tt0036027,i walked with a zombie,1943,1,7.2,9827,150000.0,30,4.0,1943,0,35
154,tt0036506,day of wrath,1943,1,8.1,8277,450000.0,24,4.0,1948,0,35
155,tt0035160,ossessione,1943,0,7.7,6148,1750000.0,24,5.0,1949,0,9
156,tt0036244,the ox-bow incident,1943,0,8.0,19224,565000,21,5.0,1943,0,35
157,tt0036172,the more the merrier,1943,0,7.8,5354,878000.0,13,5.0,1943,0,35
158,tt0036342,shadow of a doubt,1943,1,7.9,54392,140000.0,15,1.0,1943,0,35
159,tt0036112,the life and death of colonel blimp,1943,0,8.2,11841,200000,4,5.0,1945,0,35
160,tt0037008,laura,1944,1,8.0,38820,1020000,11.0,10.0,1944.0,0,35
161,tt0037077,the miracle of morgan's creek,1944,0,7.8,6277,775000.0,15.0,12.0,1943.0,0,10
162,tt0036775,double indemnity,1944,1,8.3,129825,927262,6,7.0,1944,0,35
163,tt0036891,hail the conquering hero,1944,1,7.7,3924,775000.0,9.0,8.0,1944.0,0,35
164,tt0037824,"ivan the terrible, part one",1944,0,7.7,8252,1300000.0,8,3.0,1947,0,35
165,tt0037382,to have and have not,1944,1,7.9,28230,1684000.0,20,1.0,1945,0,35
166,tt0037101,"murder, my sweet",1944,0,7.6,10961,400000,22,2.0,1945,0,35
167,tt0036855,gaslight,1944,1,7.8,21352,2068000.0,30,10.0,1944,0,4
168,tt0036910,henry v,1944,1,7.2,5280,475000,28,10.0,1945,0,11
169,tt0037059,meet me in st. louis,1944,1,7.6,18378,1707561,22,11.0,1944.0,0,35
170,tt0037674,children of paradise,1945,1,8.3,16880,3900000.0,15,11.0,1946,0,35
171,tt0037913,mildred pierce,1945,1,8.0,20501,1453000,20,10.0,1945,0,35
172,tt0037558,brief encounter,1945,1,8.1,32177,170000,24,8.0,1946,0,35
173,tt0037635,dead of night,1945,1,7.7,9652,250000.0,15,2.0,1946,0,11
174,tt0038109,spellbound,1945,1,7.6,39612,1696377,28,12.0,1945,0,35
175,tt0038890,rome open city,1945,0,8.1,20657,600000.0,8,10.0,1945,0,12
176,tt0037638,detour,1945,1,7.4,12895,30000,16.0,11.0,1945.0,0,35
177,tt0037800,i know where i'm going!,1945,0,7.6,7180,200000,9,8.0,1947,0,35
178,tt0038574,great expectations,1946,1,7.9,20480,350000,22,5.0,1947,0,35
179,tt0038650,it's a wonderful life,1946,0,8.6,360912,3180000,7,1.0,1947,0,35
180,tt0038355,the big sleep,1946,0,8.0,73981,250000,31,8.0,1946,0,35
181,tt0038733,a matter of life and death,1946,0,8.1,17311,320000,14.0,3.0,1946.0,0,13
182,tt0038787,notorious,1946,1,8.0,85650,2000000,6,9.0,1946,0,35
183,tt0038762,my darling clementine,1946,1,7.8,19580,2000000,16.0,10.0,1946.0,0,35
184,tt0038669,the killers,1946,0,7.8,17145,420000.0,30,8.0,1946,0,35
185,tt0038348,beauty and the beast,1946,1,8.0,22484,1600000.0,23,12.0,1947,0,35
186,tt0038823,paisan,1946,0,7.7,6401,1000000.0,29,3.0,1948,0,35
187,tt0040525,the lady from shanghai,1947,0,7.7,23711,2300000,24,12.0,1947,0,2
188,tt0039208,boomerang!,1947,0,7.2,3698,1140000,28,4.0,1947,0,4
189,tt0039628,miracle on 34th street,1947,0,7.9,37039,630000.0,2,10.0,1947,0,5
190,tt0039677,odd man out,1947,1,7.7,8035,1100000.0,23,4.0,1947,0,35
191,tt0039631,monsieur verdoux,1947,0,8.0,14268,2000000,8,12.0,1947,0,4
192,tt0039689,out of the past,1947,0,8.0,29330,650000.0,25.0,11.0,1947.0,0,35
193,tt0039286,crossfire,1947,1,7.4,6690,250000,15,8.0,1947,0,35
194,tt0039204,body and soul,1947,1,7.7,3907,1800000.0,9,11.0,1947,0,35
195,tt0039192,black narcissus,1947,1,7.9,19355,280000,24.0,4.0,1947.0,0,14
196,tt0040366,force of evil,1948,0,7.3,5158,666000.0,25.0,12.0,1948.0,0,35
197,tt0040338,the fallen idol,1948,0,7.8,7034,888000.0,25,10.0,1948,0,14
198,tt0040536,letter from an unknown woman,1948,0,8.0,10045,777000.0,13,9.0,1948,0,4
199,tt0040806,the snake pit,1948,0,7.6,6065,3800000.0,13,11.0,1948,0,35
200,tt0040662,oliver twist,1948,1,7.8,10326,175000.0,30,7.0,1951,0,35
201,tt0040897,the treasure of the sierra madre,1948,0,8.2,104368,3000000,24,1.0,1948,0,35
202,tt0040724,red river,1948,1,7.8,25697,3000000,17,9.0,1948,0,35
203,tt0040725,the red shoes,1948,0,8.3,24791,500000,6,9.0,1948,0,14
204,tt0040522,bicycle thieves,1948,1,8.3,129521,133000,13,12.0,1949,0,35
205,tt0041546,kind hearts and coronets,1949,1,8.1,32126,680000.0,14,6.0,1950,0,35
206,tt0041716,on the town,1949,1,7.6,14732,2111250,30,12.0,1949,0,35
207,tt0042041,white heat,1949,0,8.2,24754,1300000,3,9.0,1949,0,35
208,tt0041452,the heiress,1949,0,8.2,12024,2600000,28,12.0,1949,0,35
209,tt0041959,the third man,1949,0,8.2,146386,390000.0,12,10.0,1949,0,2
210,tt0041996,twelve o'clock high,1949,0,7.7,11520,1450000.0,13,2.0,1950,0,8
211,tt0041090,adam's rib,1949,0,7.6,18022,1728000.0,18,11.0,1949,0,35
212,tt0041154,late spring,1949,1,8.3,12258,140.0,21,7.0,1972,0,35
213,tt0042040,whisky galore!,1949,0,7.2,4526,920000.0,25,12.0,1949,0,35
214,tt0042876,rashômon,1950,0,8.3,136868,250000,26,12.0,1951,0,35
215,tt0042208,the asphalt jungle,1950,0,7.9,21900,1232000,1,6.0,1950,0,35
216,tt0042593,in a lonely place,1950,1,8.0,22676,310000.0,17.0,5.0,1950.0,0,35
217,tt0043137,winchester '73,1950,0,7.7,15262,400000.0,12,7.0,1950,0,35
218,tt0042530,gun crazy,1950,0,7.7,10285,400000,20,1.0,1950,0,35
219,tt0042276,born yesterday,1950,1,7.6,9147,110000.0,25.0,12.0,1950.0,0,35
220,tt0041719,orpheus,1950,1,8.0,9241,410000.0,29,11.0,1950,0,35
221,tt0043014,sunset boulevard,1950,0,8.4,181610,1752000,29,9.0,1950,0,13
222,tt0042804,los olvidados,1950,0,8.3,16293,23092.0,24,3.0,1952,0,35
223,tt0043924,a place in the sun,1951,0,7.8,18253,2295304,11,10.0,1951,0,2
224,tt0044079,strangers on a train,1951,1,8.0,115033,1200000,30,6.0,1951,0,35
225,tt0044081,a streetcar named desire,1951,1,8.0,92180,1800000,1,12.0,1951,0,15
226,tt0043265,the african queen,1951,0,7.8,66787,1000000,21,3.0,1952,0,35
227,tt0043972,the river,1951,1,7.6,5085,1100000.0,19,12.0,1951,0,2
228,tt0043338,ace in the hole,1951,1,8.2,24741,1800000,4,7.0,1951,0,35
229,tt0043456,the day the earth stood still,1951,0,7.8,72627,1200000,25,12.0,1951,0,8
230,tt0044829,the lavender hill mob,1951,0,7.7,11532,290000.0,10,9.0,1951,0,4
231,tt0042619,diary of a country priest,1951,1,8.0,8516,690000.0,5,4.0,1954,0,35
232,tt0044837,limelight,1952,1,8.1,16292,900000.0,31,10.0,1952,0,2
233,tt0045061,the quiet man,1952,0,7.8,32061,1750000.0,14,9.0,1952,0,35
234,tt0044706,high noon,1952,1,8.0,90978,730000,30,7.0,1952,0,35
235,tt0044391,the bad and the beautiful,1952,0,7.9,11792,1558000,9,2.0,1953,0,8
236,tt0045274,umberto d.,1952,0,8.2,20365,5000000.0,7,11.0,1955,0,35
237,tt0043511,europa '51,1952,0,7.6,2794,240000.0,3,11.0,1954,0,35
238,tt0044487,the golden coach,1952,0,7.2,2336,900000.0,5,1.0,1954,0,35
239,tt0044741,ikiru,1952,1,8.3,59284,40000.0,25,3.0,1956,0,35
240,tt0045152,singin' in the rain,1952,0,8.3,199327,2540800,11,4.0,1952,0,35
241,tt0043686,forbidden games,1952,1,8.0,10067,180000.0,8,12.0,1952,0,35
242,tt0046487,monsieur hulot's holiday,1953,0,7.5,15215,999000.0,16,6.0,1954,0,35
243,tt0045555,the big heat,1953,0,8.0,20965,1350000.0,6,12.0,1953,0,6
244,tt0045537,the band wagon,1953,0,7.5,9091,2169120,7,8.0,1953,0,35
245,tt0046250,roman holiday,1953,1,8.0,118308,1500000,2,9.0,1953,0,35
246,tt0046022,the earrings of madame de...,1953,0,8.0,7984,540000.0,19,7.0,1954,0,35
247,tt0046268,the wages of fear,1953,0,8.1,48725,2600000.0,16,2.0,1955,0,35
248,tt0046478,ugetsu,1953,1,8.2,18124,165000.0,7,9.0,1954,0,35
249,tt0046438,tokyo story,1953,1,8.2,44463,720000.0,13,3.0,1972,0,35
250,tt0046303,shane,1953,1,7.6,33789,3100000,1,10.0,1953,0,2
251,tt0047472,seven brides for seven brothers,1954,1,7.4,19619,2540000.0,6,8.0,1954,0,35
252,tt0047478,seven samurai,1954,0,8.7,287206,2000000,19,11.0,1956,0,35
253,tt0047136,johnny guitar,1954,1,7.7,13983,999999.0,23,8.0,1954,0,35
254,tt0047469,senso,1954,0,7.6,5443,4120000.0,8,7.0,1968,0,35
255,tt0046828,carmen jones,1954,1,6.9,4096,750000,28,10.0,1954,0,35
256,tt0047528,la strada,1954,0,8.0,53484,841000.0,16,7.0,1956,0,35
257,tt0047445,sansho the bailiff,1954,0,8.4,12692,1260000.0,31.0,3.0,1954.0,0,6
258,tt0047396,rear window,1954,1,8.5,403404,1000000,4.0,8.0,1954.0,0,35
259,tt0047522,a star is born,1954,1,7.7,14176,5019770,16,10.0,1954,0,35
260,tt0048021,rififi,1955,1,8.2,23143,200000.0,5,6.0,1956,0,35
261,tt0048545,rebel without a cause,1955,1,7.7,76534,1500000,29,10.0,1955,0,35
262,tt0048261,kiss me deadly,1955,0,7.6,16872,410000,8.0,5.0,1955.0,0,35
263,tt0047849,bad day at black rock,1955,0,7.7,17533,1271000,15,5.0,1955,0,6
264,tt0048028,east of eden,1955,0,7.9,37136,5130555.0,10,4.0,1955,0,35
265,tt0048641,smiles of a summer night,1955,1,7.9,11172,45006.0,23,12.0,1957,0,35
266,tt0048473,pather panchali,1955,1,8.5,19509,14613.0,26,8.0,1955,0,16
267,tt0046911,diabolique,1955,1,8.1,57294,1789546.0,21,11.0,1955,0,35
268,tt0048424,the night of the hunter,1955,0,8.0,75829,795000,24,11.0,1955,0,5
269,tt0049406,the killing,1956,1,8.0,74110,320000,6,6.0,1956,0,35
270,tt0049833,the ten commandments,1956,0,7.9,57914,13282712,5,10.0,1956,0,35
271,tt0049261,giant,1956,1,7.7,31390,5400000,24,11.0,1956,0,35
272,tt0049366,invasion of the body snatchers,1956,1,7.8,41141,417000,5,2.0,1956,0,35
273,tt0049730,the searchers,1956,0,8.0,73645,3750000,26,5.0,1956,0,35
274,tt0048956,aparajito,1956,1,8.2,9728,62455.0,11,10.0,1956,0,16
275,tt0049966,written on the wind,1956,0,7.5,9158,285666.0,25,12.0,1956,0,35
276,tt0049902,a man escaped,1956,0,8.2,16190,3960000.0,26,8.0,1957,0,35
277,tt0047892,bob le flambeur,1956,0,7.8,9463,2962912.0,24.0,8.0,1956.0,0,2
278,tt0049012,the burmese harp,1956,0,8.1,4945,1420000.0,28,4.0,1967,0,35
279,tt0050083,12 angry men,1957,1,8.9,603296,350000,10,4.0,1957,0,35
280,tt0050976,the seventh seal,1957,0,8.2,144931,150000,13,10.0,1958,0,35
281,tt0050783,nights of cabiria,1957,1,8.1,39032,250000.0,16,10.0,1957,0,2
282,tt0050986,wild strawberries,1957,1,8.2,85098,3250000.0,22,6.0,1959,0,35
283,tt0050825,paths of glory,1957,1,8.4,158946,935000,1.0,11.0,1957.0,0,1
284,tt0051036,sweet smell of success,1957,1,8.1,24629,2600000,4,7.0,1957,0,35
285,tt0050371,a face in the crowd,1957,1,8.2,12223,1855000.0,1,6.0,1957,0,35
286,tt0050419,funny face,1957,1,7.1,24150,3000000,25,4.0,1957,0,14
287,tt0050613,throne of blood,1957,1,8.1,40131,2380000.0,22,11.0,1961,0,35
288,tt0050706,mon oncle,1958,1,7.8,16882,110000.0,3,11.0,1958,0,35
289,tt0052080,ashes and diamonds,1958,0,7.9,9336,1565648.0,29,5.0,1961,0,35
290,tt0051525,the defiant ones,1958,0,7.7,11997,778000,27,9.0,1958,0,35
291,tt0052357,vertigo,1958,1,8.3,324099,2479000,21,7.0,1958,0,8
292,tt0051554,horror of dracula,1958,1,7.4,18817,81000,16,6.0,1958,0,14
293,tt0051459,cat on a hot tin roof,1958,1,8.0,40960,3000000,29,8.0,1958,0,35
294,tt0051790,"ivan the terrible, part two",1958,0,7.8,6164,2574000.0,24,11.0,1959,0,35
295,tt0051994,a night to remember,1958,0,7.9,12446,1680000,16,12.0,1958,0,35
296,tt0052311,touch of evil,1958,1,8.0,93162,829000,23.0,4.0,1958.0,0,35
297,tt0053168,pickpocket,1959,0,7.8,17245,2630000.0,16,12.0,1959,0,2
298,tt0053226,room at the top,1959,0,7.6,4601,280000,22,1.0,1959,0,14
299,tt0052893,hiroshima mon amour,1959,0,8.0,25075,2500000.0,16,5.0,1960,0,35
300,tt0053198,the 400 blows,1959,0,8.1,93136,444000.0,16,11.0,1959,0,35
301,tt0052572,the world of apu,1959,0,8.4,9983,90500.0,4,10.0,1960,0,35
302,tt0053125,north by northwest,1959,1,8.3,274719,3101000,26,9.0,1959,0,6
303,tt0053291,some like it hot,1959,1,8.2,223022,2883848,14,4.0,1959,0,6
304,tt0053221,rio bravo,1959,1,8.0,51343,3690000.0,4,4.0,1959,0,35
305,tt0052561,anatomy of a murder,1959,1,8.0,54462,4000200.0,1.0,7.0,1959.0,0,35
306,tt0054389,shoot the piano player,1960,1,7.6,15607,150719.0,23,7.0,1962,0,35
307,tt0054248,rocco and his brothers,1960,1,8.3,14503,390000.0,26,6.0,1961,0,35
308,tt0054215,psycho,1960,1,8.5,544154,806947,8,9.0,1960,0,35
309,tt0054167,peeping tom,1960,1,7.7,27260,135000,15,5.0,1962,0,35
310,tt0054269,saturday night and sunday morning,1960,0,7.6,6913,100000,3,4.0,1961,0,35
311,tt0054331,spartacus,1960,1,7.9,114145,12000000,17,11.0,1960,0,8
312,tt0053619,l'avventura,1960,0,7.9,23167,3920000.0,4,3.0,1961,0,35
313,tt0053779,la dolce vita,1960,1,8.1,59459,6500000.0,19,4.0,1961,0,35
314,tt0053472,breathless,1960,1,7.9,65151,220000.0,7,2.0,1961,0,35
315,tt0055499,through a glass darkly,1961,1,8.1,20129,7888444.0,16,10.0,1961,0,4
316,tt0054632,last year at marienbad,1961,0,7.9,18142,4788000.0,7,3.0,1962,0,35
317,tt0054997,the hustler,1961,0,8.0,70946,2000000,25,9.0,1961,0,35
318,tt0054130,la notte,1961,1,8.0,15514,6650000.0,19,2.0,1962,0,35
319,tt0055093,lola,1961,1,7.6,4373,70000.0,14,10.0,1962,0,35
320,tt0055506,a taste of honey,1961,1,7.6,4265,121602,30,4.0,1962,0,35
321,tt0054698,breakfast at tiffany's,1961,0,7.7,152520,2500000,6,10.0,1961,0,35
322,tt0055601,viridiana,1961,0,8.2,19910,5300111.0,19,3.0,1962,0,35
323,tt0055630,yojimbo,1961,1,8.3,99434,4888000.0,13,9.0,1961,0,35
324,tt0055032,jules and jim,1962,1,7.8,33652,999999.0,23,1.0,1962,0,2
325,tt0056663,vivre sa vie,1962,0,8.0,23774,64000,20,9.0,1962,0,2
326,tt0056736,l'eclisse,1962,0,7.9,15052,16222888.0,20,12.0,1962,0,35
327,tt0056732,the exterminating angel,1962,0,8.2,24976,111000.0,21,8.0,1967,0,35
328,tt0056291,knife in the water,1962,0,7.6,18001,99000.0,28,10.0,1963,0,35
329,tt0056218,the manchurian candidate,1962,0,8.0,67828,2200000,24,10.0,1962,0,35
330,tt0056592,to kill a mockingbird,1962,1,8.3,274778,2000000,16,3.0,1963,0,35
331,tt0056687,what ever happened to baby jane?,1962,1,8.1,45614,980000,31.0,10.0,1962.0,0,35
332,tt0056217,the man who shot liberty valance,1962,0,8.1,63118,3200000,22,4.0,1962,0,35
333,tt0056869,the birds,1963,0,7.7,156114,2500000,29,3.0,1963,0,35
334,tt0056801,8 1/2,1963,0,8.1,100028,900000.0,25,6.0,1963,0,35
335,tt0057345,contempt,1963,1,7.7,25091,900000,18,12.0,1964,0,35
336,tt0057091,the leopard,1963,0,8.1,20412,1663370.0,29,3.0,1963,0,12
337,tt0056868,billy liar,1963,0,7.4,5191,15000.0,16,12.0,1963,0,35
338,tt0057115,the great escape,1963,0,8.2,206408,4000000,4,7.0,1963,0,35
339,tt0057578,this sporting life,1963,0,7.8,5345,279063.0,22,5.0,1963,0,2
340,tt0057163,hud,1963,1,7.9,17634,2500000,29,5.0,1963,0,35
341,tt0057495,shock corridor,1963,1,7.5,9936,85000.0,19,6.0,1964,0,12
342,tt0058715,the gospel according to st. matthew,1964,0,7.8,9675,40000.0,3,3.0,1965,0,2
343,tt0058182,a hard day's night,1964,0,7.7,37099,560000,7,7.0,1964,0,14
344,tt0057012,dr. strangelove or: how i learned to stop worrying and love the bomb,1964,1,8.4,418292,1800000,29,1.0,1964,0,35
345,tt0058450,the umbrellas of cherbourg,1964,0,7.8,20783,33000.0,16,12.0,1964,0,35
346,tt0058138,gertrud,1964,0,7.5,4976,107000.0,2,6.0,1966,0,35
347,tt0058331,mary poppins,1964,1,7.8,144477,6000000,18,6.0,1965,0,35
348,tt0057869,band of outsiders,1964,1,7.8,20280,120000,5,8.0,1964,0,2
349,tt0058150,goldfinger,1964,1,7.7,159720,3000000,9,1.0,1965,0,35
350,tt0058625,woman in the dunes,1964,1,8.5,14987,1222555.0,25,10.0,1964,0,35
351,tt0059415,loves of a blonde,1965,0,7.7,6592,175000.0,26,10.0,1966,0,35
352,tt0058946,the battle of algiers,1965,0,8.1,47287,800000,20,9.0,1967,0,35
353,tt0059113,doctor zhivago,1965,1,8.0,64876,11000000,31,12.0,1965,0,35
354,tt0059592,pierrot le fou,1965,0,7.7,25413,300000,8,1.0,1969,0,35
355,tt0059646,repulsion,1965,1,7.7,44061,300000,3,10.0,1965,0,35
356,tt0059084,darling,1965,1,7.2,5277,400000,3,8.0,1965,0,35
357,tt0059012,chimes at midnight,1965,0,7.9,6895,800000,17,3.0,1967,0,35
358,tt0058642,shadows of forgotten ancestors,1965,0,8.0,5259,1500000.0,18,10.0,1965,0,17
359,tt0059229,juliet of the spirits,1965,1,7.6,10365,8888888.0,3,11.0,1965,0,35
360,tt0060675,"masculin, féminin",1966,0,7.6,11169,88000.0,22,3.0,1966,0,2
361,tt0061184,who's afraid of virginia woolf?,1966,0,8.0,64520,7500000,22,6.0,1966,0,35
362,tt0060138,au hasard balthazar,1966,0,7.9,15479,60000.0,25,5.0,1966,0,2
363,tt0063794,war and peace,1966,1,8.0,5570,9213013,28,4.0,1968,0,35
364,tt0060802,closely watched trains,1966,0,7.7,10183,50000.0,18,11.0,1966,0,18
365,tt0060107,andrei roublev,1966,0,8.2,39471,15342.0,18.0,2.0,1969.0,0,17
366,tt0060196,"the good, the bad, and the ugly",1966,0,8.8,629597,1200000,29,12.0,1967,0,35
367,tt0060176,blow-up,1966,1,7.6,51152,1800000,24,2.0,1967,0,8
368,tt0060827,persona,1966,1,8.1,88162,5000.0,16,3.0,1967,0,35
369,tt0062138,point blank,1967,0,7.4,16832,3000000,10,2.0,1968,0,6
370,tt0061722,the graduate,1967,0,8.0,239264,3000000,21,12.0,1967,0,35
371,tt0061395,belle de jour,1967,1,7.8,36182,20246403.0,10,4.0,1968,0,35
372,tt0061418,bonnie and clyde,1967,1,7.8,94923,2500000,4.0,8.0,1967.0,0,19
373,tt0061512,cool hand luke,1967,1,8.1,149912,3200000,1,11.0,1967,0,35
374,tt0062229,le samouraï,1967,0,8.1,39651,65000.0,25,10.0,1967,0,2
375,tt0063462,the producers,1967,0,7.6,46644,941000,10,11.0,1968,0,35
376,tt0062480,weekend,1967,1,7.3,12017,250000,27,9.0,1968,0,35
377,tt0062136,playtime,1967,1,8.0,16955,17256700.0,27,6.0,1973,0,35
378,tt0063350,night of the living dead,1968,1,7.9,105905,114000,4,10.0,1968,0,35
379,tt0062622,2001: a space odyssey,1968,1,8.3,548095,12000000,12,5.0,1968,0,14
380,tt0062765,bullitt,1968,1,7.4,55718,5500000,17,10.0,1968,0,35
381,tt0062695,stolen kisses,1968,0,7.8,10445,350000,14.0,8.0,1968.0,0,2
382,tt0063611,shame,1968,1,8.0,10590,290280.0,23,12.0,1968,0,35
383,tt0063522,rosemary's baby,1968,0,8.0,171572,2300000,17,10.0,1968,0,2
384,tt0063442,planet of the apes,1968,1,8.0,156732,5800000,3,4.0,1968,0,35
385,tt0063850,if...,1968,1,7.6,20316,500000.0,21,5.0,1969,0,2
386,tt0062952,faces,1968,1,7.7,8502,275000,15.0,3.0,1968.0,0,35
387,tt0064116,once upon a time in the west,1968,1,8.5,274615,5000000,4,7.0,1969,0,35
388,tt0064115,butch cassidy and the sundance kid,1969,1,8.1,188692,6000000,24,9.0,1969,0,35
389,tt0066026,m*a*s*h,1969,0,7.5,63679,3500000,25.0,1.0,1970.0,0,35
390,tt0064541,kes,1969,1,7.9,16664,165000.0,3,4.0,1970,0,14
391,tt0065214,the wild bunch,1969,0,8.0,72681,6244087,19,6.0,1969,0,35
392,tt0064276,easy rider,1969,1,7.4,89904,400000,26,6.0,1969,0,4
393,tt0065234,z,1969,1,8.2,21479,4000000.0,8,12.0,1969,0,35
394,tt0064612,my night at maud's,1969,0,8.0,9109,166000.0,22,3.0,1970,0,35
395,tt0065088,"they shoot horses, don't they?",1969,0,7.9,14850,4860000.0,10.0,12.0,1969.0,0,35
396,tt0064040,army of shadows,1969,1,8.2,18166,300000.0,12,9.0,1969,0,2
397,tt0066904,the sorrow and the pity,1969,0,8.3,3282,140000.0,25,3.0,1972,0,35
398,tt0065988,little big man,1970,1,7.6,30736,15000000,23,12.0,1970,0,35
399,tt0066491,tristana,1970,1,7.6,9235,1000000.0,29,3.0,1970,0,20
400,tt0065724,five easy pieces,1970,1,7.5,30364,1600000,19,2.0,1971,0,11
401,tt0065571,the conformist,1970,0,8.1,23626,750000,22,10.0,1970,0,35
402,tt0065777,the garden of the finzi-continis,1970,0,7.5,5498,1000000.0,16,12.0,1971,0,35
403,tt0065772,claire's knee,1970,0,7.7,7575,300000.0,21,2.0,1971,0,35
404,tt0064106,le boucher,1970,0,7.5,6973,5000000.0,19,12.0,1971,0,35
405,tt0066580,woodstock,1970,1,8.1,14799,600000,26,3.0,1970,0,35
406,tt0067959,walkabout,1971,1,7.7,20951,679575.0,1,7.0,1971,0,35
407,tt0067309,klute,1971,1,7.2,19404,2500000,25,6.0,1971,0,35
408,tt0067144,the go-between,1971,0,7.4,4356,1000000,1,10.0,1971,0,14
409,tt0066999,dirty harry,1971,0,7.8,132903,4000000,23,12.0,1971,0,35
410,tt0067328,the last picture show,1971,0,8.1,38180,1300000,22,10.0,1971,0,35
411,tt0067778,murmur of the heart,1971,0,7.8,7912,210000.0,17,10.0,1971,0,35
412,tt0067411,mccabe & mrs. miller,1971,1,7.7,19958,3500000.0,24,6.0,1971,0,35
413,tt0066921,a clockwork orange,1971,1,8.3,695765,2200000,2,2.0,1972,0,35
414,tt0067445,death in venice,1971,1,7.5,16804,2000000.0,5,3.0,1971,0,12
415,tt0069293,solaris,1972,1,8.1,70455,15320.0,26,9.0,1972,0,18
416,tt0068611,frenzy,1972,1,7.4,37407,2000000,21,6.0,1972,0,35
417,tt0068182,"aguirre, the wrath of god",1972,0,8.0,47004,370000,3,4.0,1977,0,35
418,tt0068361,the discreet charm of the bourgeoisie,1972,0,7.9,33941,800000,22,10.0,1972,0,35
419,tt0068473,deliverance,1972,1,7.7,92010,2000000,18,8.0,1972,0,35
420,tt0068327,cabaret,1972,1,7.8,44060,6000000,13,2.0,1972,0,35
421,tt0069467,cries and whispers,1972,1,8.1,26156,400000,5,3.0,1973,0,4
422,tt0070849,last tango in paris,1972,1,7.1,45423,1250000.0,7,2.0,1973,0,35
423,tt0068575,fat city,1972,0,7.4,6822,300000.0,26,7.0,1972,0,35
424,tt0070460,day for night,1973,1,8.0,18052,300000.0,7,9.0,1973,0,35
425,tt0070040,the spirit of the beehive,1973,0,7.9,15170,300000.0,14,3.0,1975,0,4
426,tt0069704,american graffiti,1973,1,7.5,75355,777000,11,8.0,1973,0,35
427,tt0069762,badlands,1973,1,7.9,58999,450000,5,1.0,1974,0,8
428,tt0070334,the long goodbye,1973,0,7.7,22707,1700000,31,5.0,1973,0,5
429,tt0069995,don't look now,1973,0,7.3,43594,1500000,11.0,10.0,1973.0,0,14
430,tt0070379,mean streets,1973,1,7.3,85609,500000,14,10.0,1973,0,35
431,tt0070047,the exorcist,1973,0,8.0,337263,12000000.0,26,12.0,1973,0,35
432,tt0071129,amarcord,1973,0,7.9,35818,900000.0,19,9.0,1974,0,35
433,tt0071141,ali: fear eats the soul,1974,1,8.1,16675,235000.0,31,10.0,1974,0,35
434,tt0072417,a woman under the influence,1974,1,8.2,18382,6000000.0,18,11.0,1974,0,35
435,tt0071733,lacombe lucien,1974,0,7.8,5705,2800000.0,29,9.0,1974,0,35
436,tt0071230,blazing saddles,1974,1,7.7,116820,2600000,7,2.0,1974,0,35
437,tt0071691,the enigma of kaspar hauser,1974,0,7.8,15097,60000.0,1,11.0,1974,0,15
438,tt0071381,celine and julie go boating,1974,1,7.7,4137,50000.0,18,9.0,1974,0,2
439,tt0071360,the conversation,1974,0,7.9,88172,1600000,7.0,4.0,1974.0,0,35
440,tt0071315,chinatown,1974,1,8.2,268122,6000000,20,6.0,1974,0,35
441,tt0072431,young frankenstein,1974,1,8.0,134019,2800000,15,12.0,1974,0,35
442,tt0071853,monty python and the holy grail,1975,1,8.3,465686,229575,25,5.0,1975,0,14
443,tt0072684,barry lyndon,1975,1,8.1,133755,11000000,18,12.0,1975,0,35
444,tt0073440,nashville,1975,1,7.7,21289,2200000,21,9.0,1975,0,14
445,tt0072890,dog day afternoon,1975,1,8.0,219805,1800000,25,12.0,1975,0,35
446,tt0073341,the man who would be king,1975,0,7.9,41117,8000000,19,12.0,1975,0,14
447,tt0073453,night moves,1975,0,7.1,10501,4899000.0,30,8.0,1975,0,12
448,tt0073722,smile,1975,1,7.2,1952,50000.0,28,3.0,1977,0,21
449,tt0073540,picnic at hanging rock,1975,1,7.5,30654,440000.0,2,2.0,1979,0,35
450,tt0073195,jaws,1975,1,8.0,515043,8000000,20,6.0,1975,0,35
451,tt0074360,cría cuervos,1976,0,8.1,8128,1000000.0,18,5.0,1977,0,35
452,tt0074119,all the president's men,1976,0,8.0,93061,8500000,9,4.0,1976,0,35
453,tt0074285,carrie,1976,1,7.4,153230,1800000,16,11.0,1976,0,35
454,tt0074084,1900,1976,0,7.7,20542,9000000,4,11.0,1977,0,35
455,tt0074958,network,1976,1,8.1,132474,3800000.0,27,11.0,1976,0,35
456,tt0075029,the outlaw josey wales,1976,0,7.9,60517,3700000,7,8.0,1976,0,6
457,tt0075213,the shootist,1976,0,7.7,20270,1655000.0,20,8.0,1976,0,35
458,tt0074102,in the realm of the senses,1976,1,6.6,16495,220000.0,1,4.0,1977,0,35
459,tt0075314,taxi driver,1976,1,8.3,643690,1300000,8,2.0,1976,0,35
460,tt0075860,close encounters of the third kind,1977,1,7.7,168690,20000000,14,12.0,1977,0,35
461,tt0076666,saturday night fever,1977,1,6.8,64691,3000000,16,12.0,1977,0,35
462,tt0076759,star wars: episode iv - a new hope,1977,0,8.6,1130665,11000000,25,5.0,1977,0,35
463,tt0076734,soldier of orange,1977,0,7.7,10297,2519838.0,16,8.0,1979,0,35
464,tt0076245,julia,1977,1,7.3,8144,7840000,20,1.0,1978,0,15
465,tt0074486,eraserhead,1977,1,7.4,91557,20000,3,2.0,1978,0,35
466,tt0075824,that obscure object of desire,1977,0,8.0,18449,775000.0,8,10.0,1977,0,35
467,tt0075675,the american friend,1977,0,7.4,12072,1703521.0,28,9.0,1977,0,2
468,tt0076786,suspiria,1977,1,7.5,69251,800000.0,12,8.0,1977,0,35
469,tt0077838,the last waltz,1978,0,8.2,14756,75000.0,26,4.0,1978,0,35
470,tt0077631,grease,1978,1,7.2,212715,6000000,16,6.0,1978,0,35
471,tt0077975,national lampoon's animal house,1978,0,7.5,105597,3000000,28,7.0,1978,0,35
472,tt0078346,superman,1978,1,7.3,148926,55000000,15,12.0,1978,0,35
473,tt0077402,dawn of the dead,1978,1,7.9,104066,650000,24,5.0,1979,0,35
474,tt0077138,the tree of wooden clogs,1978,0,7.9,4724,200000.0,1,6.0,1979,0,35
475,tt0076263,killer of sheep,1978,0,7.4,5515,100000,14,11.0,1978,0,35
476,tt0077405,days of heaven,1978,1,7.9,46225,3000000,6,10.0,1978,0,35
477,tt0077651,halloween,1978,1,7.8,207483,300000,27,10.0,1978,0,35
478,tt0078902,breaking away,1979,0,7.7,20210,2300000,20,7.0,1979,0,35
479,tt0078788,apocalypse now,1979,1,8.5,553970,31500000,15,8.0,1979,0,35
480,tt0078841,being there,1979,1,8.0,60782,7000000.0,26,5.0,1980,0,3
481,tt0079522,manhattan,1979,1,8.0,122397,9000000,25,4.0,1979,0,35
482,tt0079095,the marriage of maria braun,1979,0,7.9,11019,800000.0,23,3.0,1979,0,15
483,tt0079470,monty python's life of brian,1979,0,8.1,337440,4000000,17,8.0,1979,0,35
484,tt0078748,alien,1979,1,8.5,721141,11000000,22,6.0,1979,0,35
485,tt0078754,all that jazz,1979,1,7.8,24591,12000000.0,20,12.0,1979,0,35
486,tt0078875,the tin drum,1979,0,7.6,20603,2995000.0,11,4.0,1980,0,35
487,tt0080339,airplane!,1980,1,7.8,192104,3500000,2,7.0,1980,0,35
488,tt0080437,the big red one,1980,0,7.2,17500,4500000,18,7.0,1980,0,35
489,tt0080979,kagemusha,1980,0,8.0,28865,6000000,10,10.0,1980,0,35
490,tt0081505,the shining,1980,0,8.4,790817,19000000,13,6.0,1980,0,35
491,tt0080684,star wars: episode v - the empire strikes back,1980,1,8.7,1061712,18000000,20,6.0,1980,0,35
492,tt0081176,mon oncle d'amérique,1980,0,7.9,4137,3000000.0,17,12.0,1980,0,35
493,tt0080678,the elephant man,1980,0,8.2,201896,5000000,10,10.0,1980,0,35
494,tt0080388,atlantic city,1980,1,7.4,13398,7200000,3,4.0,1981,0,35
495,tt0081398,raging bull,1980,1,8.2,291230,18000000,19,12.0,1980,0,35
496,tt0082096,das boot,1981,1,8.4,212419,14000000,10,2.0,1982,0,35
497,tt0082694,the road warrior,1981,0,7.6,155784,2000000,21,5.0,1982,0,35
498,tt0082971,raiders of the lost ark,1981,1,8.5,820045,18000000,12,6.0,1981,0,35
499,tt0082979,reds,1981,1,7.4,19242,35000000,25,12.0,1981,0,35
500,tt0084422,night of the shooting stars,1981,0,7.4,3443,120000.0,17,9.0,1982,0,12
501,tt0082269,diva,1981,1,7.2,10953,1500000.0,23,4.0,1982,0,35
502,tt0082432,gallipoli,1981,0,7.5,34205,1766180.0,28,8.0,1981,0,35
503,tt0082736,mephisto,1981,1,7.8,8629,144000.0,22,3.0,1982,0,35
504,tt0082222,man of iron,1981,0,7.5,2743,165000.0,27,7.0,1981,0,21
505,tt0082912,pixote,1981,0,8.0,5767,350000.0,18,9.0,1981,0,8
506,tt0083866,e.t. the extra-terrestrial,1982,0,7.9,339931,10500000,11,6.0,1982,0,35
507,tt0084805,tootsie,1982,1,7.4,90034,22000000,17,12.0,1982,0,35
508,tt0083946,fitzcarraldo,1982,0,8.1,27816,7949768.0,10,10.0,1982,0,35
509,tt0083658,blade runner,1982,1,8.2,633843,28000000,25,6.0,1982,0,35
510,tt0083833,diner,1982,1,7.2,17490,5000000,21,5.0,1982,0,35
511,tt0084855,the verdict,1982,0,7.8,32626,16000000,17,12.0,1982,0,35
512,tt0083922,fanny & alexander,1982,1,8.1,52617,6000000,17,12.0,1982,0,4
513,tt0085794,the king of comedy,1982,0,7.8,68092,20000000,18,12.0,1982,0,22
514,tt0087400,heimat,1983,0,8.8,2843,EM,31,3.0,1985,0,35
515,tt0085859,local hero,1983,1,7.4,18848,3600000.0,17,3.0,1983,0,14
516,tt0085180,l'argent,1983,0,7.5,7166,400000.0,18,5.0,1983,0,2
517,tt0085461,the dresser,1983,0,7.7,4398,1456000,6,12.0,1983,0,35
518,tt0086312,silkwood,1983,1,7.2,16831,10000000,27,1.0,1984,0,35
519,tt0086250,scarface,1983,1,8.3,671105,25000000,9,12.0,1983,0,35
520,tt0086197,the right stuff,1983,0,7.9,52641,27000000,17,2.0,1984,0,35
521,tt0085482,el norte,1983,1,7.7,4467,800000.0,27,1.0,1984,0,35
522,tt0930856,the fourth man,1983,0,7.3,3640,700000,31,10.0,2007,0,23
523,tt0085244,the big chill,1983,0,7.2,30306,8000000,30,9.0,1983,0,35
524,tt0088184,stranger than paradise,1984,0,7.6,31368,90000,16.0,5.0,1984.0,0,2
525,tt0088318,a sunday in the country,1984,0,7.8,1946,1069000.0,11,4.0,1984,0,2
526,tt0087892,a passage to india,1984,1,7.3,15732,16000000,1,2.0,1985,0,35
527,tt0087884,"paris, texas",1984,1,8.1,75884,1162000,23,8.0,1984,0,14
528,tt0087553,the killing fields,1984,0,7.9,47885,14400000,1,2.0,1985,0,35
529,tt0088258,this is spinal tap,1984,1,8.0,120937,2500000,2,3.0,1984,0,35
530,tt0088247,the terminator,1984,0,8.0,736082,6400000,26,10.0,1984,0,35
531,tt0087843,once upon a time in america,1984,1,8.4,280754,30000000,1,6.0,1984,0,35
532,tt0089841,prizzi's honor,1985,0,6.8,21259,16000000.0,14,6.0,1985,0,35
533,tt0092048,tampopo,1985,1,7.9,13575,66000.0,23.0,11.0,1985.0,0,6
534,tt0090329,witness,1985,1,7.4,79050,12000000.0,8,2.0,1985,0,35
535,tt0089881,ran,1985,1,8.2,100458,11500000,1,6.0,1985,0,6
536,tt0090015,shoah,1985,0,8.5,7651,10000.0,30.0,4.0,1985.0,0,2
537,tt0091251,come and see,1985,1,8.2,44271,3000000.0,17,10.0,1985,0,24
538,tt0088763,back to the future,1985,1,8.5,946918,19000000,3,7.0,1985,0,35
539,tt0091867,a room with a view,1985,1,7.3,36223,3000000,11,4.0,1986,0,14
540,tt0088846,brazil,1985,1,8.0,176349,15000000,18,12.0,1985,0,35
541,tt0092005,stand by me,1986,1,8.1,336246,8000000,26,11.0,1986,0,35
542,tt0090605,aliens,1986,1,8.4,605826,18500000,18,7.0,1986,0,35
543,tt0091167,hannah and her sisters,1986,1,7.9,62148,6400000,14,3.0,1986,0,35
544,tt0090756,blue velvet,1986,1,7.8,164103,6000000,23,10.0,1986,0,12
545,tt0091288,jean de florette,1986,0,8.0,22458,17000000.0,28,8.0,1987,0,35
546,tt0090557,'round midnight,1986,0,7.4,4314,330000.0,3,10.0,1986,0,35
547,tt0091064,the fly,1986,0,7.5,146012,15000000,15,8.0,1986,0,35
548,tt0091943,sherman's march,1986,0,7.4,2184,75000.0,4,2.0,1988,0,13
549,tt0091480,manon of the spring,1986,0,8.0,19234,18000000.0,4,12.0,1987,0,35
550,tt0092699,broadcast news,1987,1,7.2,24922,20000000,25,12.0,1987,0,35
551,tt0094349,yeelen,1987,0,7.1,1896,2000000.0,29,4.0,1988,0,6
552,tt0092593,"au revoir, les enfants",1987,0,8.0,28393,2300000.0,12,2.0,1988,0,35
553,tt0092843,the dead,1987,1,7.4,6593,3500000.0,18,12.0,1987,0,35
554,tt0093209,hope and glory,1987,1,7.3,11566,3000000.0,19,2.0,1988,0,35
555,tt0092603,babette's feast,1987,0,7.8,16473,1800000.0,4,3.0,1988,0,35
556,tt0093191,wings of desire,1987,1,8.1,58388,2776625.0,6,5.0,1988,0,35
557,tt0093565,moonstruck,1987,1,7.1,44249,15000000,15,1.0,1988,0,35
558,tt0093713,pelle the conqueror,1987,0,7.8,9293,4500000.0,21,12.0,1988,0,35
559,tt0096438,who framed roger rabbit,1988,1,7.7,169833,70000000,22,6.0,1988,0,35
560,tt0095675,women on the verge of a nervous breakdown,1988,1,7.6,31542,700000,11,11.0,1988,0,35
561,tt0096288,landscape in the mist,1988,0,8.0,6062,225000.0,10,9.0,1988,0,25
562,tt0096028,salaam bombay!,1988,0,8.0,7809,3325000.0,7,10.0,1988,0,35
563,tt0095765,cinema paradiso,1988,1,8.5,204298,5000000,23,2.0,1990,0,35
564,tt0096257,the thin blue line,1988,0,8.0,19956,260000.0,25,8.0,1988,0,35
565,tt0095016,die hard,1988,1,8.2,725791,28000000,20,7.0,1988,0,35
566,tt0094812,bull durham,1988,0,7.1,44027,7000000,15,6.0,1988,0,35
567,tt0094947,dangerous liaisons,1988,1,7.6,60282,14000000,24,2.0,1989,0,35
568,tt0097240,drugstore cowboy,1989,1,7.4,29870,2500000,20,10.0,1989,0,35
569,tt0098635,when harry met sally,1989,1,7.6,178639,16000000,21,7.0,1989,0,35
570,tt0097216,do the right thing,1989,1,7.9,75919,6500000,21,7.0,1989,0,35
571,tt0092337,dekalog,1989,0,9.0,18797,100000.0,10,12.0,1989,0,21
572,tt0097123,crimes and misdemeanors,1989,1,7.9,50739,19000000,3,11.0,1989,0,35
573,tt0098724,"sex, lies, and videotape",1989,1,7.2,45088,1200000,22,9.0,1989,0,35
574,tt0096969,born on the fourth of july,1989,1,7.2,90613,14000000,5,1.0,1990,0,35
575,tt0097202,the killer,1989,0,7.8,43341,1021720.0,24.0,3.0,1989.0,0,26
576,tt0097937,my left foot,1989,1,7.9,61504,600000,30,3.0,1990,0,35
577,tt0097351,field of dreams,1989,1,7.5,100723,15000000.0,5,5.0,1989,0,35
578,tt0099685,goodfellas,1990,1,8.7,915512,25000000,21,9.0,1990,0,35
579,tt0100142,metropolitan,1990,1,7.4,8672,225000,3,8.0,1990,0,35
580,tt0100150,miller's crossing,1990,0,7.8,118833,14000000,5,10.0,1990,0,35
581,tt0100557,the nasty girl,1990,0,7.4,2280,650000.0,15.0,2.0,1990.0,0,1
582,tt0100486,reversal of fortune,1990,0,7.2,13359,4880000.0,9,11.0,1990,0,35
583,tt0099776,europa europa,1990,1,7.6,13754,1850000.0,14,11.0,1990,0,2
584,tt0099703,the grifters,1990,0,7.0,23746,5000000.0,25,1.0,1991,0,35
585,tt0100234,close-up,1990,1,8.3,12772,180000.0,30,10.0,1991,0,2
586,tt0099334,cyrano de bergerac,1990,0,7.5,20888,15300000.0,1,12.0,1990,0,35
587,tt0101414,beauty and the beast,1991,1,8.0,393788,25000000,22,11.0,1991,0,35
588,tt0103074,thelma & louise,1991,1,7.4,123099,16500000,24,5.0,1991,0,35
589,tt0101765,the double life of véronique,1991,0,7.8,36806,320000.0,22,11.0,1991,0,35
590,tt0101640,raise the red lantern,1991,1,8.2,26585,11000000.0,18,12.0,1991,0,12
591,tt0103064,terminator 2: judgment day,1991,0,8.5,916747,102000000,3,7.0,1991,0,35
592,tt0102138,jfk,1991,1,8.0,131603,40000000,20,12.0,1991,0,35
593,tt0101428,la belle noiseuse,1991,0,7.7,6003,150000.0,4,9.0,1991,0,2
594,tt0101700,delicatessen,1991,0,7.6,75440,4063422.0,3,4.0,1992,0,35
595,tt0101507,boyz n the hood,1991,1,7.8,113454,6500000,12,7.0,1991,0,35
596,tt0103639,aladdin,1992,1,8.0,326508,28000000,25,11.0,1992,0,35
597,tt0102592,one false move,1992,0,7.2,8941,80000.0,8,5.0,1992,0,35
598,tt0104797,malcolm x,1992,1,7.7,76353,33000000,18,11.0,1992,0,35
599,tt0105151,the player,1992,0,7.6,49851,8000000,8,5.0,1992,0,35
600,tt0104036,the crying game,1992,0,7.3,47654,2300000,19,2.0,1993,0,35
601,tt0105197,the story of qiu ju,1992,0,7.6,4981,700000.0,16,4.0,1993,0,35
602,tt0105236,reservoir dogs,1992,1,8.3,833645,1200000,2,9.0,1992,0,2
603,tt0104454,howards end,1992,1,7.5,26111,8000000.0,26,2.0,1993,0,35
604,tt0104348,glengarry glen ross,1992,1,7.8,89107,12500000,2,10.0,1992,0,35
605,tt0107048,groundhog day,1993,1,8.0,545350,14600000,12,2.0,1993,0,35
606,tt0106438,blue,1993,1,7.3,1745,90000,3,12.0,1993,0,35
607,tt0106226,the age of innocence,1993,0,7.2,44633,30000000,1,10.0,1993,0,35
608,tt0106332,farewell my concubine,1993,1,8.1,22388,4000000,15,10.0,1993,0,35
609,tt0107822,the piano,1993,1,7.6,73457,7000000,11,2.0,1994,0,35
610,tt0107290,jurassic park,1993,1,8.1,790229,63000000,11,6.0,1993,0,35
611,tt0108122,short cuts,1993,1,7.7,39825,2000000.0,1,10.0,1993,0,12
612,tt0106977,the fugitive,1993,0,7.8,246996,44000000,6,8.0,1993,0,35
613,tt0107943,the remains of the day,1993,0,7.9,58416,15000000,19,11.0,1993,0,35
614,tt0110912,pulp fiction,1994,1,8.9,1658791,8000000,14,10.0,1994,0,35
615,tt0110299,lamerica,1994,0,7.6,1943,2350000.0,4,10.0,1995,0,35
616,tt0111507,white,1994,1,7.7,56241,380000.0,10,6.0,1994,0,35
617,tt0110057,hoop dreams,1994,0,8.3,22426,700000,14,10.0,1994,0,35
618,tt0111161,the shawshank redemption,1994,0,9.3,2119581,25000000,14,10.0,1994,0,35
619,tt0110932,quiz show,1994,1,7.5,61167,31000000,7,10.0,1994,0,35
620,tt0109508,crumb,1994,0,8.0,16983,900000.0,28,4.0,1995,0,35
621,tt0109831,four weddings and a funeral,1994,1,7.1,127537,4400000,15,4.0,1994,0,35
622,tt1245526,red,1994,1,7.0,272853,58000000,15,10.0,2010,0,35
623,tt0114369,seven,1994,1,8.6,1301465,33000000,22,9.0,1995,0,35
624,tt0114388,sense and sensibility,1995,1,7.7,92931,16000000,26,1.0,1996,0,35
625,tt0112641,casino,1995,1,8.2,417703,52000000.0,22,11.0,1995,0,35
626,tt0114709,toy story,1995,1,8.3,806913,30000000,22,11.0,1995,0,35
627,tt0114814,the usual suspects,1995,0,8.6,915165,6000000,15,9.0,1995,0,35
628,tt0112431,babe,1995,1,6.8,109811,30000000,4,8.0,1995,0,35
629,tt0113627,leaving las vegas,1995,0,7.5,107402,3600000,9,2.0,1996,0,35
630,tt0112384,apollo 13,1995,1,7.6,248142,52000000,30,6.0,1995,0,35
631,tt0113277,heat,1995,1,8.2,527904,60000000,15,12.0,1995,0,35
632,tt0112769,la cérémonie,1995,0,7.6,8927,4100000.0,20,12.0,1996,0,35
633,tt0117631,shine,1996,1,7.7,48817,5500000,14,2.0,1997,0,35
634,tt0116282,fargo,1996,1,8.1,566113,7000000,5,4.0,1996,0,35
635,tt0117589,secrets & lies,1996,1,8.0,33966,4500000,28,2.0,1997,0,35
636,tt0116695,jerry maguire,1996,1,7.3,223907,50000000,13,12.0,1996,0,35
637,tt0115751,breaking the waves,1996,0,7.9,57720,7500000.0,13,11.0,1996,0,35
638,tt0116905,lone star,1996,1,7.5,26321,5000000,21,6.0,1996,0,35
639,tt0117318,the people vs. larry flynt,1996,0,7.3,82836,36000000,10,1.0,1997,0,35
640,tt0116790,kolya,1996,0,7.8,13648,1207570.0,24,1.0,1997,0,35
641,tt0117951,trainspotting,1996,1,8.1,593203,3500000,9,8.0,1996,0,35
642,tt0120265,taste of cherry,1997,1,7.7,19325,860000.0,26,11.0,1997,0,2
643,tt0118749,boogie nights,1997,1,7.9,221037,15000000,31,10.0,1997,0,35
644,tt0119164,the full monty,1997,0,7.2,93287,3500000,19,9.0,1997,0,35
645,tt0119488,l.a. confidential,1997,1,8.3,497323,35000000,19,9.0,1997,0,35
646,tt0119008,donnie brasco,1997,1,7.8,256660,35000000,28,2.0,1997,0,35
647,tt0118804,the butcher boy,1997,0,7.2,8709,300000.0,20,2.0,1998,0,27
648,tt0119822,as good as it gets,1997,1,7.7,255953,50000000,25,12.0,1997,0,35
649,tt0120255,the sweet hereafter,1997,0,7.6,30196,3786575.0,21,11.0,1997,0,35
650,tt0118799,life is beautiful,1997,0,8.6,559338,20000000,12,2.0,1999,0,35
651,tt0130827,run lola run,1998,1,7.7,179837,1987441.0,18,6.0,1999,0,35
652,tt0147612,happiness,1998,1,7.8,62935,2200000,16,10.0,1998,0,35
653,tt0120863,the thin red line,1998,0,7.6,161409,52000000,15,1.0,1999,0,35
654,tt0154421,the idiots,1998,0,6.8,27987,2500000,21,5.0,1998,0,2
655,tt0120382,the truman show,1998,0,8.1,846319,60000000,5,6.0,1998,0,35
656,tt0128445,rushmore,1998,1,7.7,158067,9000000,19,2.0,1999,0,35
657,tt0120815,saving private ryan,1998,1,8.6,1122842,70000000,24,7.0,1998,0,35
658,tt0154420,the celebration,1998,1,8.1,73717,1300000,19,6.0,1998,0,3
659,tt0140888,central station,1998,1,8.0,32688,2900000,20,11.0,1998,0,35
660,tt0185125,all about my mother,1999,1,7.9,81429,4989091.0,31,3.0,2000,0,35
661,tt0140352,the insider,1999,0,7.9,150533,68000000,5,11.0,1999,0,35
662,tt0166896,the straight story,1999,0,8.0,75058,10000000,3,11.0,1999,0,2
663,tt0167404,the sixth sense,1999,0,8.1,850640,40000000,6,8.0,1999,0,35
664,tt0133093,the matrix,1999,0,8.7,1524602,63000000,31,3.0,1999,0,35
665,tt0151568,topsy-turvy,1999,1,7.4,11111,10000000,11,2.0,2000,0,35
666,tt0120601,being john malkovich,1999,1,7.8,290157,13000000,3,12.0,1999,0,35
667,tt0175880,magnolia,1999,1,8.0,271315,37000000,7,1.0,2000,0,35
668,tt0120188,three kings,1999,0,7.1,153256,45000000,1,10.0,1999,0,35
669,tt0181875,almost famous,2000,1,7.9,236142,60000000,22,9.0,2000,0,35
670,tt0244316,yi yi,2000,0,8.1,17316,255999.0,16,12.0,2000,0,6
671,tt0118694,in the mood for love,2000,1,8.1,107075,1333333.0,9,3.0,2001,0,35
672,tt0120630,chicken run,2000,1,7.0,165095,45000000,23,6.0,2000,0,35
673,tt0209144,memento,2000,1,8.5,1038588,9000000,25,5.0,2001,0,35
674,tt0181865,traffic,2000,1,7.6,186927,48000000,5,1.0,2001,0,35
675,tt0245712,amores perros,2000,1,8.1,208224,2000000,13,4.0,2001,0,35
676,tt0249462,billy elliot,2000,1,7.7,116365,5000000,10,11.0,2000,0,35
677,tt0190332,"crouching tiger, hidden dragon",2000,1,7.9,241128,17000000,12,1.0,2001,0,35
678,tt0169102,lagaan,2001,0,8.1,93591,6000000,15,6.0,2001,0,35
679,tt0203009,moulin rouge!,2001,1,7.6,253069,50000000,1,6.0,2001,0,35
680,tt0280707,gosford park,2001,1,7.3,74230,19800000,18,1.0,2002,0,35
681,tt0126029,shrek,2001,1,7.9,567446,60000000,18,5.0,2001,0,35
682,tt0283509,no man's land,2001,0,8.0,42269,2100000,19,9.0,2001,0,2
683,tt0245574,y tu mamá también,2001,0,7.7,107915,2000000,26,4.0,2002,0,35
684,tt0120737,the lord of the rings: fellowship of the ring,2001,0,8.8,1524076,93000000,19,12.0,2001,0,35
685,tt0245429,spirited away,2001,1,8.6,565132,19000000,28,3.0,2003,0,35
686,tt0166924,mulholland dr.,2001,1,8.0,292991,15000000,19,10.0,2001,0,35
687,tt0211915,amélie,2001,0,8.3,656892,13036814.0,8,2.0,2002,0,35
688,tt0274558,the hours,2002,0,7.5,117301,25000000,14,2.0,2003,0,35
689,tt0268126,adaptation.,2002,0,7.7,165943,19000000,14,2.0,2003,0,35
690,tt0297884,far from heaven,2002,1,7.4,41519,13500000,10,1.0,2003,0,35
691,tt0317248,city of god,2002,1,8.6,650244,3300000,13,2.0,2004,0,35
692,tt0253474,the pianist,2002,0,8.5,651056,35000000,28,3.0,2003,0,35
693,tt0287467,talk to her,2002,1,8.0,97768,1822654.0,14,2.0,2003,0,35
694,tt0167261,the lord of the rings: the two towers,2002,0,8.7,1364104,94000000,18,12.0,2002,0,35
695,tt0301978,ten,2002,1,7.5,6257,96589.0,18,9.0,2002,0,2
696,tt0217505,gangs of new york,2002,1,7.5,374340,100000000,20,12.0,2002,0,35
697,tt0266543,finding nemo,2003,1,8.1,875770,94000000,30,5.0,2003,0,35
698,tt0364569,oldboy,2003,1,8.4,463611,3000000,21,11.0,2003,0,28
699,tt0338135,the barbarian invasions,2003,0,7.6,27080,4545450.0,5,3.0,2004,0,35
700,tt0286244,the triplets of belleville,2003,0,7.8,48001,9500000,13,2.0,2004,0,35
701,tt0276919,dogville,2003,1,8.0,127285,12356459.0,23,4.0,2004,0,35
702,tt0311113,master and commander: the far side of the world,2003,1,7.4,190323,150000000,14,11.0,2003,0,35
703,tt0301357,"good bye, lenin!",2003,0,7.7,129691,4800000,14,5.0,2004,0,35
704,tt0167260,the lord of the rings: return of the king,2003,0,8.9,1508444,94000000,17,12.0,2003,0,35
705,tt0327056,mystic river,2003,1,8.0,390894,25000000,15,10.0,2003,0,35
706,tt0335266,lost in translation,2003,1,7.7,376835,4000000,3,10.0,2003,0,35
707,tt0375063,sideways,2004,1,7.5,170497,12000000,21,1.0,2005,0,35
708,tt0363163,downfall,2004,1,8.2,308204,13500000,8,4.0,2005,0,35
709,tt0395169,hotel rwanda,2004,0,8.1,315207,17500000,4,2.0,2005,0,35
710,tt0338751,the aviator,2004,0,7.5,309901,110000000,25,12.0,2004,0,35
711,tt0385004,house of flying daggers,2004,0,7.5,102801,14409000.0,14,1.0,2005,0,35
712,tt0338013,eternal sunshine of the spotless mind,2004,1,8.3,832094,20000000,19,3.0,2004,0,35
713,tt0308644,finding neverland,2004,1,7.7,191454,25000000,17,12.0,2004,0,35
714,tt0383694,vera drake,2004,1,7.7,22513,11000000,4,2.0,2005,0,35
715,tt0427312,grizzly man,2005,0,7.8,48591,200000.0,2,9.0,2005,0,35
716,tt0399146,a history of violence,2005,1,7.5,211962,32000000,30,9.0,2005,0,35
717,tt0445620,paradise now,2005,1,7.5,21465,2000000.0,18,11.0,2005,0,35
718,tt0468565,tsotsi,2005,0,7.3,26814,3000000,31,3.0,2006,0,35
719,tt0419294,the three burials of melquiades estrada,2005,0,7.4,37174,15000000,24,2.0,2006,0,35
720,tt0408306,munich,2005,1,7.6,199635,70000000,6,1.0,2006,0,35
721,tt0387898,caché,2005,0,7.3,66751,8000000,17,2.0,2006,0,35
722,tt0433383,"good night, and good luck.",2005,1,7.5,90570,7500000,4,11.0,2005,0,35
723,tt0388795,brokeback mountain,2005,1,7.7,301670,14000000,13,1.0,2006,0,35
724,tt0379725,capote,2005,1,7.4,117768,7000000,3,2.0,2006,0,35
725,tt0457430,pan's labyrinth,2006,1,8.2,576294,13500000,19,1.0,2007,0,35
726,tt0441909,volver,2006,1,7.6,88296,7450000,26,1.0,2007,0,35
727,tt0449467,babel,2006,1,7.5,274526,25000000,10,11.0,2006,0,35
728,tt0405094,the lives of others,2006,0,8.4,326253,2000000,30,3.0,2007,0,35
729,tt0436697,the queen,2006,0,7.3,98367,9800000,17,11.0,2006,0,35
730,tt0475276,united 93,2006,0,7.6,93156,15000000.0,28,4.0,2006,0,35
731,tt0468492,the host,2006,0,7.0,85912,10143262.0,30,3.0,2007,0,35
732,tt0449059,little miss sunshine,2006,1,7.8,412038,8000000,18,8.0,2006,0,35
733,tt0443453,borat: cultural learnings of america for make benefit glorious nation of kazakhstan,2006,1,7.3,334024,18000000,3,11.0,2006,0,35
734,tt0401383,the diving bell and the butterfly,2007,0,8.0,98872,12800000.0,1,2.0,2008,0,35
735,tt0382932,ratatouille,2007,1,8.0,585854,150000000,29,6.0,2007,0,35
736,tt0465538,michael clayton,2007,1,7.3,149268,25000000,12,10.0,2007,0,35
737,tt0469494,there will be blood,2007,1,8.2,467542,25000000,25,1.0,2008,0,35
738,tt0758758,into the wild,2007,1,8.1,527751,15000000,19,10.0,2007,0,35
739,tt0808417,persepolis,2007,1,8.1,82553,7300000,22,2.0,2008,0,35
740,tt1032846,"4 months, 3 weeks and 2 days",2007,1,7.9,52361,590000,14,9.0,2007,0,29
741,tt0783233,atonement,2007,1,7.8,229884,30000000,11,1.0,2008,0,35
742,tt0467406,juno,2007,1,7.5,468010,7500000,25,12.0,2007,0,35
743,tt0929425,gomorrah,2008,0,7.0,43807,6200000.0,10,4.0,2009,0,35
744,tt1139797,let the right one in,2008,1,7.9,195919,4000000,12,12.0,2008,0,35
745,tt1185616,waltz with bashir,2008,1,8.0,52513,1500000,12,6.0,2008,0,30
746,tt0468569,the dark knight,2008,1,9.0,2085197,185000000,18,7.0,2008,0,35
747,tt0870111,frost/nixon,2008,1,7.7,97411,25000000,23,1.0,2009,0,35
748,tt0421715,the curious case of benjamin button,2008,0,7.8,543195,150000000,25,12.0,2008,0,35
749,tt0910970,wall•e,2008,0,8.4,915835,180000000,27,6.0,2008,0,35
750,tt1013753,milk,2008,1,7.6,156597,20000000,30,1.0,2009,0,35
751,tt1235166,a prophet,2009,1,7.9,88500,12000000,26,3.0,2010,0,35
752,tt0929632,precious,2009,1,7.3,100643,10000000,20,11.0,2009,0,35
753,tt1019452,a serious man,2009,1,7.1,122704,7000000,6,11.0,2009,0,35
754,tt1149362,the white ribbon,2009,0,7.8,63212,12000000,5,3.0,2010,0,35
755,tt0499549,avatar,2009,1,7.8,1052685,237000000,18,12.0,2009,0,35
756,tt1193138,up in the air,2009,1,7.4,302242,25000000,23,12.0,2009,0,35
757,tt1136608,district 9,2009,1,7.9,607509,30000000,14,8.0,2009,0,35
758,tt0361748,inglourious basterds,2009,1,8.3,1132310,75000000,21,8.0,2009,0,35
759,tt1305806,the secret in their eyes,2009,0,8.2,174491,2000000,21,5.0,2010,0,35
760,tt1174732,an education,2009,1,7.3,123573,4500000,5,2.0,2010,0,35
761,tt1375666,inception,2010,1,8.8,1858372,160000000,16,7.0,2010,0,35
762,tt0947798,black swan,2010,1,8.0,653137,13000000,17,12.0,2010,0,35
763,tt1399683,winter's bone,2010,0,7.2,128333,2000000,16,7.0,2010,0,35
764,tt0842926,the kids are all right,2010,0,7.0,121037,3500000,30,7.0,2010,0,35
765,tt1255953,incendies,2010,1,8.3,125913,6800000,12,1.0,2011,0,2
766,tt0964517,the fighter,2010,0,7.8,318269,25000000,17,12.0,2010,0,35
767,tt0435761,toy story 3,2010,1,8.3,694179,200000000,18,6.0,2010,0,35
768,tt1285016,the social network,2010,0,7.7,572315,40000000,1,10.0,2010,0,35
769,tt1403865,true grit,2010,1,7.6,286285,38000000,22,12.0,2010,0,35
770,tt1527186,melancholia,2011,1,7.2,154507,7400000,26,5.0,2011,0,3
771,tt1827512,the kid with a bike,2011,0,7.4,24749,6449020.0,18,5.0,2011,0,31
772,tt1210166,moneyball,2011,1,7.6,329297,50000000,23,9.0,2011,0,35
773,tt1568911,war horse,2011,1,7.2,137283,66000000,25,12.0,2011,0,35
774,tt0478304,the tree of life,2011,0,6.8,157051,32000000,17,5.0,2011,0,2
775,tt1033575,the descendants,2011,0,7.3,224245,20000000,9,12.0,2011,0,35
776,tt0970179,hugo,2011,1,7.5,286221,150000000,23,11.0,2011,0,35
777,tt1832382,a separation,2011,1,8.3,199577,500000,16,3.0,2011,0,32
778,tt1605783,midnight in paris,2011,1,7.7,358846,17000000,10,6.0,2011,0,35
779,tt0443272,lincoln,2012,1,7.4,230035,65000000,16,11.0,2012,0,35
780,tt1707386,les misérables,2012,0,7.6,287802,61000000,25,12.0,2012,0,35
781,tt0454876,life of pi,2012,1,7.9,539926,120000000,21,11.0,2012,0,35
782,tt1602620,amour,2012,1,7.9,85484,8900000,20,9.0,2012,0,1
783,tt1790885,zero dark thirty,2012,1,7.4,252840,40000000,11,1.0,2013,0,35
784,tt2076220,holy motors,2012,1,7.1,37183,4000000.0,4,7.0,2012,0,2
785,tt1560747,the master,2012,0,7.1,132778,32000000,21,9.0,2012,0,35
786,tt1045658,silver linings playbook,2012,1,7.7,624067,21000000,25,12.0,2012,0,35
787,tt2125435,beasts of the southern wild,2012,1,7.3,77669,1800000,5,7.0,2012,0,17
788,tt1454468,gravity,2013,1,7.7,715632,100000000,4,10.0,2013,0,35
789,tt2042568,inside llewyn davis,2013,1,7.5,124737,11000000,10,1.0,2014,0,35
790,tt1821549,nebraska,2013,1,7.7,105746,12000000,24,1.0,2014,0,35
791,tt2278871,blue is te warmest colour,2013,0,7.8,125668,4000000,9,10.0,2013,0,2
792,tt2718492,ida,2013,1,7.4,47210,2600000.0,25,10.0,2013,0,21
793,tt0993846,the wolf of wall street,2013,0,8.2,1046809,100000000,25,12.0,2013,0,35
794,tt1535109,captain phillips,2013,1,7.8,390168,55000000,11,10.0,2013,0,35
795,tt2358891,the great beauty,2013,0,7.8,72859,9200000,14,3.0,2014,0,35
796,tt1798709,her,2013,1,8.0,472303,23000000,10,1.0,2014,0,35
797,tt2872718,nightcrawler,2014,1,7.9,409645,8500000,31,10.0,2014,0,35
798,tt1065073,boyhood,2014,1,7.9,317218,4000000,15,8.0,2014,0,35
799,tt2084970,the imitation game,2014,0,8.0,626329,14000000,25,12.0,2014,0,35
800,tt2582802,whiplash,2014,1,8.5,625238,3300000,15,10.0,2014,0,33
801,tt2179136,american sniper,2014,1,7.3,404847,58800000,16,1.0,2015,0,35
802,tt3409392,timbuktu,2014,0,7.2,14823,2527835.0,10,12.0,2014,0,2
803,tt2802154,leviathan,2014,1,7.6,43633,3376014.0,5,2.0,2015,0,17
804,tt2278388,the grand budapest hotel,2014,0,8.1,639282,25000000,28,3.0,2014,0,35
805,tt2737050,"two days, one night",2014,1,7.3,41520,7000000,21,5.0,2014,0,31
806,tt5130912,birdman,2014,1,4.9,156,18000000.0,17.0,10.0,2014.0,0,35
807,tt1392190,mad max: fury road,2015,1,8.1,788663,150000000.0,15,5.0,2015,0,35
808,tt3170832,room,2015,1,8.2,321254,13000000,22,1.0,2016,0,35
809,tt2381111,brooklyn,2015,1,7.5,118111,11000000,25,11.0,2015,0,35
810,tt3808342,son of saul,2015,0,7.5,39587,951973.0,11,6.0,2015,0,24
811,tt3659388,the martian,2015,0,8.0,687706,108000000,2,10.0,2015,0,35
812,tt2402927,carol,2015,1,7.2,101870,11800000,15,1.0,2016,0,35
813,tt1596363,the big short,2015,0,7.8,313060,28000000,23,12.0,2015,0,35
814,tt2096673,inside out,2015,1,8.2,543657,175000000,19,6.0,2015,0,35
815,tt1663202,the revenant,2015,0,8.0,628634,135000000,8,1.0,2016,0,35
816,tt5186714,the salesman,2016,0,7.8,42225,1234000.0,31,8.0,2016,0,32
817,tt3783958,la la land,2016,1,8.0,441214,30000000,25,12.0,2016,0,35
818,tt4034228,manchester by the sea,2016,1,7.8,217220,8500000,16,12.0,2016,0,35
819,tt4048272,toni erdmann,2016,1,7.4,38538,3000000,25,12.0,2016,0,35
820,tt2543164,arrival,2016,1,7.9,522937,47000000,11,11.0,2016,0,35
821,tt2671706,fences,2016,1,7.2,87906,24000000,25,12.0,2016,0,35
822,tt4016934,the handmaiden,2016,0,8.1,81469,8307800.0,1,6.0,2016,0,28
823,tt2582782,hell or high water,2016,1,7.6,178935,12000000,26,8.0,2016,0,35
824,tt3716530,elle,2016,1,7.1,55191,9000000,11,11.0,2016,0,35
825,tt5726616,call me by your name,2017,1,7.9,157979,4000000,19,1.0,2018,0,35
826,tt6304162,the square,2017,0,7.7,24008,6000000.0,1,6.0,2017,0,17
827,tt5013056,dunkirk,2017,1,7.9,474420,100000000,21,7.0,2017,0,35
828,tt5027774,"three billboards outside ebbing, missouri",2017,1,8.2,352196,15000000,1,12.0,2017,0,35
829,tt6135348,bpm (beats per minute),2017,0,7.5,10758,6200000.0,23,8.0,2017,0,2
830,tt4925292,lady bird,2017,1,7.4,181757,10000000,1,12.0,2017,0,35
831,tt6294822,the post,2017,0,7.2,110086,50000000,12,1.0,2018,0,35
832,tt5052448,get out,2017,1,7.7,411851,5000000,24,2.0,2017,0,35
833,tt4995790,the square,2017,0,7.2,45029,5500000.0,25,8.0,2017,0,4
834,tt6966692,green book,2018,1,8.2,226046,23000000,16,11.0,2018,1,35
835,tt6155172,roma,2018,1,7.8,110503,15000000.0,21,11.0,2018,0,35
836,tt6543652,cold war,2018,1,7.6,35080,4300000,22,3.0,2019,0,35
837,tt7349662,blackkklansman,2018,1,7.5,157321,15000000,10,8.0,2018,0,35
838,tt8075192,shoplifters,2018,1,8.0,34399,200000.0,23,11.0,2018,0,35
839,tt1825683,black panther,2018,1,7.3,530208,200000000,16,2.0,2018,0,35
840,tt1517451,a star is born,2018,1,7.7,264944,36000000,5,10.0,2018,0,35
841,tt8267604,capernaum,2018,0,8.5,23529,4000000,20,9.0,2018,0,34
842,tt5083738,the favourite,2018,0,7.6,123536,15000000,21,12.0,2018,0,35
843,tt7125860,if beale street could talk,2018,1,7.2,27870,12000000,25,12.0,2018,0,35
844,tt5577494,clemency,2019,0,5.1,110,4645000.0,27,12.0,2019,0,35
845,tt8080302,penguins,2019,0,6.8,585,150000000.0,17,4.0,2019,0,35
846,tt5952594,the mustang,2019,0,6.9,4442,8000000.0,19,6.0,2019,0,2
847,tt8760684,apollo 11,2019,0,8.3,9252,40000000,26,6.0,2019,0,31
848,tt6857112,us,2019,0,7.0,134194,20000000,22,3.0,2019,0,35
849,tt2386490,how to train your dragon: the hidden world,2019,1,7.6,69165,129000000,22,2.0,2019,0,35
850,tt4154664,captain marvel,2019,1,7.0,338675,152000000.0,8,3.0,2019,0,35
851,tt9358052,knock down the house,2019,0,6.8,6576,8500000.0,1,5.0,2019,0,35
852,tt8923482,one child nation,2019,0,7.7,148,2500000.0,9,8.0,2019,0,35
853,tt6920356,the souvenir,2019,0,6.7,1387,150000.0,30,8.0,2019,0,14
854,tt9358044,hail satan?,2019,0,7.0,1063,60000.0,17,4.0,2019,0,35
855,tt3513498,the lego movie 2: the second part,2019,0,6.7,35554,100000000,8,2.0,2019,0,35
856,tt2139881,long shot,2019,0,7.0,30437,40000000,3,5.0,2019,0,35
857,tt4154796,avengers: endgame,2019,0,8.7,505154,356000000,26,4.0,2019,0,35
858,tt8991268,honeyland,2019,0,8.1,268,31381.0,26,7.0,2019,0,35
859,tt0837563,pet sematary,2019,0,5.8,50584,21000000,5,4.0,2019,0,35
860,tt0448115,shazam!,2019,0,7.2,156205,100000000,5,4.0,2019,0,35
861,tt6513120,fighting with my family,2019,1,7.2,34924,11000000.0,22,2.0,2019,0,35
