,TCONST,TITLE,YEAR,BECHDEL,SCORES,VOTES,BUDGETS,RELEASED_DAY,RELEASED_MON,RELEASED_YEAR,COUNTRY,WINNER
0,tt0018379,seventh heaven,1926,0,7.7,2801,1300000,30,10,1927,USA,0
1,tt0018037,the jazz singer,1927,0,6.7,8254,422000,6,10,1927,USA,0
2,tt0037024,the lodger,1927,0,7.2,2751,800000,19,1,1944,USA,0
3,tt0018051,the kid brother,1927,0,7.6,3448,250000,17,1,1927,USA,0
4,tt0018033,it,1927,1,7.4,2726,2000000,15,2,1927,USA,0
5,tt0018192,napoléon,1927,0,7.7,6295,152000,7,4,1927,Germany,0
6,tt0018455,sunrise,1927,1,8.1,43717,200000,4,11,1927,USA,0
7,tt0017136,metropolis,1927,1,8.3,145916,3407043,13,3,1927,USA,0
8,tt0018526,underworld,1927,1,7.6,2228,100000,29,10,1927,USA,0
9,tt0019421,"steamboat bill, jr.",1928,1,8,11761,404282,20,5,1928,USA,0
10,tt0018839,the docks of new york,1928,0,7.6,3517,380000,29,9,1928,USA,0
11,tt0019071,the last command,1928,0,8,2963,390000,24,3,1928,Denmark,0
12,tt0018523,an italian straw hat,1928,0,6.9,714,500000,13,1,1928,France,0
13,tt0018217,october (ten days that shook the world),1928,0,7.5,6350,2500000,24,9,1928,Sweden,0
14,tt0020530,un chien andalou,1928,1,7.8,42313,16931,6,6,1929,France,0
15,tt0019585,the wind,1928,1,8.2,5577,1000000,23,11,1928,USA,0
16,tt0018806,the crowd,1928,1,8,6868,1000000,3,3,1928,USA,0
17,tt0019254,the passion of joan of arc,1928,0,8.1,41233,7125440,25,10,1928,France,0
18,tt0019688,big business,1928,1,7.8,2567,2500,20,4,1929,USA,0
19,tt0018742,the cameraman,1928,0,8.2,9302,1200000,22,9,1928,USA,0
20,tt0019702,blackmail,1929,1,7,8701,12000,6,10,1929,USA,0
21,tt0019823,disraeli,1929,0,6.3,902,318000,1,11,1929,USA,0
22,tt0018737,pandora's box,1929,0,7.9,8990,800000,22,2,1930,Japan,0
23,tt0019959,hallelujah,1929,0,6.9,1426,500000,20,8,1929,USA,0
24,tt0020112,the love parade,1929,0,7.2,1784,650000,18,1,1930,USA,0
25,tt0020298,queen kelly,1929,0,7.7,2963,800000,18,10,1932,Argentina,0
26,tt0019644,applause,1929,0,7.3,1201,200000,4,1,1930,USA,0
27,tt0021577,l'âge d'or,1929,0,7.4,11579,169309,1,11,1979,USA,0
28,tt0019735,bulldog drummond,1929,0,6.5,767,550000,2,5,1929,USA,0
29,tt0019760,the man with the movie camera,1929,0,8.4,19978,121590,12,5,1929,USA,0
30,tt0021156,morocco,1930,1,7.2,4939,4800,6,12,1930,USA,0
31,tt0020697,the blue angel,1930,0,7.8,12486,77982,5,12,1930,USA,0
32,tt0021571,earth,1930,1,7.4,4333,2000000,17,10,1930,USA,0
33,tt0021409,under the roofs of paris,1930,0,7.2,1829,37586658,15,12,1930,USA,0
34,tt0021153,monte carlo,1930,1,6.9,1042,726465,27,8,1930,USA,0
35,tt0020686,the big house,1930,0,7.1,1633,414000,14,6,1930,USA,0
36,tt0020640,animal crackers,1930,1,7.6,12299,125000,6,9,1930,USA,0
37,tt0020960,hell's angels,1930,0,7.7,4479,3950000,15,11,1930,USA,0
38,tt0021884,frankenstein,1931,1,7.9,59112,291000,21,11,1931,USA,0
39,tt0022286,the public enemy,1931,0,7.7,16197,190000,15,5,1931,USA,0
40,tt0022599,à nous la liberté,1931,0,7.6,3757,1500000,31,12,1931,USA,0
41,tt0022100,m,1931,1,8.3,129744,500000,31,8,1931,Sweden,0
42,tt0022150,le million,1931,0,7.5,2964,90000,4,2,1931,Portugal,0
43,tt0021079,little caesar,1931,1,7.3,10859,281000,25,1,1931,USA,0
44,tt0021739,la chienne,1931,1,7.6,3262,100000,20,11,1931,France,0
45,tt0022835,dr. jekyll and mr. hyde,1931,0,7.7,11486,535000,3,1,1932,USA,0
46,tt0021749,city lights,1931,1,8.5,149626,1500000,7,3,1931,USA,0
47,tt0021814,dracula,1931,1,7.6,41574,355000,14,2,1931,USA,0
48,tt0023622,trouble in paradise,1932,0,8.1,11796,519706,28,10,1932,USA,0
49,tt0023042,i am a fugitive from a chain gang,1932,1,8.2,10622,195845,19,11,1932,USA,0
50,tt0023458,shanghai express,1932,1,7.4,6605,850000,12,2,1932,USA,0
51,tt0023158,love me tonight,1932,1,7.7,3312,950000,14,10,1932,Germany,0
52,tt0022718,boudu saved from drowning,1932,1,7.4,4764,80000,23,2,1967,USA,0
53,tt0023427,scarface,1932,1,7.8,23046,180000,9,4,1932,USA,0
54,tt0024803,zéro de conduite,1932,0,7.4,7005,33862,21,6,1947,USA,0
55,tt0022913,freaks,1932,1,7.9,38539,310607,20,2,1932,USA,0
56,tt0023649,vampyr,1932,1,7.6,13962,20000,14,8,1934,USA,0
57,tt0023303,one hour with you,1932,0,7.3,1848,851000,25,3,1932,USA,0
58,tt0023948,dinner at eight,1933,0,7.7,7018,435000,12,1,1934,USA,0
59,tt0024481,queen christina,1933,1,7.8,6633,1114000,9,2,1934,USA,0
60,tt0024069,gold diggers of 1933,1933,1,8,6633,433000,27,5,1933,USA,0
61,tt0024473,the private life of henry viii,1933,0,7.2,3323,60000,21,9,1933,USA,0
62,tt0024548,she done him wrong,1933,0,6.4,4993,200000,9,2,1933,USA,0
63,tt0024264,little women,1933,1,7.3,5597,424000,24,11,1933,USA,0
64,tt0024216,king kong,1933,1,7.9,74137,670000,7,4,1933,USA,0
65,tt0023969,duck soup,1933,1,7.9,52545,160000,17,11,1933,USA,0
66,tt0024034,42nd street,1933,1,7.6,9787,439000,11,3,1933,USA,0
67,tt0024844,l'atalante,1934,0,7.8,13047,1017920,21,6,1947,USA,0
68,tt0025878,the thin man,1934,0,8.1,24299,226408,25,5,1934,USA,0
69,tt0025318,it's a gift,1934,0,7.3,4551,666000,30,11,1934,USA,0
70,tt0025746,the scarlet empress,1934,0,7.7,5224,900000,7,9,1934,USA,0
71,tt0024894,the black cat,1934,1,7.1,8269,95745,7,5,1934,USA,0
72,tt0025004,the count of monte cristo,1934,0,7.5,2234,1400000,7,9,1934,USA,0
73,tt0025164,the gay divorcee,1934,0,7.6,6267,520000,12,10,1934,USA,0
74,tt0025948,viva villa!,1934,0,6.5,1046,1017400,27,4,1934,USA,0
75,tt0025919,twentieth century,1934,1,7.7,5401,200000,11,5,1934,USA,0
76,tt0026778,a night at the opera,1935,1,8,28747,1057000,15,11,1935,USA,0
77,tt0027125,top hat,1935,1,7.8,15778,609000,6,9,1935,USA,0
78,tt0026138,the bride of frankenstein,1935,0,7.9,39455,397024,6,5,1935,USA,0
79,tt0025913,triumph of the will,1935,0,7.4,13861,158995,28,3,1935,Germany,0
80,tt0026725,les misérables,1935,0,7.6,3084,1000000,20,4,1935,USA,0
81,tt0026029,the 39 steps,1935,0,7.8,47078,60000,1,8,1935,USA,0
82,tt0026955,ruggles of red gap,1935,0,7.7,3397,290000,8,3,1935,USA,0
83,tt0026529,the informer,1935,0,7.5,5210,243000,24,5,1935,USA,0
84,tt0026266,david copperfield,1935,0,7.5,3455,1073000,20,6,1935,Argentina,0
85,tt0028333,swing time,1936,1,7.6,11124,886000,12,10,1936,Brazil,0
86,tt0027532,dodsworth,1936,0,8,7283,80000,23,9,1936,USA,0
87,tt0027996,mr. deeds goes to town,1936,1,8,18268,845710,12,4,1936,USA,0
88,tt0028249,show boat,1936,1,7.5,2610,1100000,17,5,1936,USA,0
89,tt0028683,camille,1936,1,7.5,6746,1486000,12,12,1936,USA,0
90,tt0027977,modern times,1936,1,8.5,193492,1500000,25,2,1936,USA,0
91,tt0028445,a day in the country,1936,0,7.7,5135,400000,12,12,1950,USA,0
92,tt0028216,san francisco,1936,1,7.3,4559,1300000,26,6,1936,USA,0
93,tt0028950,grand illusion,1936,0,8.1,31228,70000,12,9,1938,USA,0
94,tt0028010,my man godfrey,1936,1,8.1,18922,656000,6,9,1936,USA,0
95,tt0027652,fury,1936,1,7.9,10321,604000,5,6,1936,USA,0
96,tt0029583,snow white and the seven dwarfs,1937,1,7.6,166069,2000000,4,2,1938,USA,0
97,tt0028597,the awful truth,1937,0,7.8,16316,600000,21,10,1937,USA,0
98,tt0029192,make way for tomorrow,1937,1,8.2,6480,550000,7,10,1937,France,0
99,tt0028944,the good earth,1937,0,7.7,4166,2800000,6,8,1937,USA,0
100,tt0029606,a star is born,1937,1,7.5,7772,1173639,27,4,1937,USA,0
101,tt0029162,lost horizon,1937,1,7.8,11214,4000000,1,9,1937,USA,0
102,tt0029604,stage door,1937,1,7.8,7073,952000,8,10,1937,USA,0
103,tt0029442,the prisoner of zenda,1937,0,7.7,3878,1250000,3,9,1937,USA,0
104,tt0030522,olympia part one: festival of the nations,1938,0,7.9,3973,851760,8,3,1940,USA,0
105,tt0029843,the adventures of robin hood,1938,0,8,44220,1900000,14,5,1938,USA,0
106,tt0029850,alexander nevsky,1938,0,7.6,9701,1850000,22,3,1939,USA,0
107,tt0030287,jezebel,1938,1,7.6,10772,1250000,26,3,1938,USA,0
108,tt0030523,olympia part two: festival of beauty,1938,0,7.9,3322,890000,29,3,1940,USA,0
109,tt0030341,the lady vanishes,1938,0,7.9,43006,80000,1,11,1938,USA,0
110,tt0030127,the baker's wife,1938,0,7.5,1485,780000,26,2,1940,USA,0
111,tt0029947,bringing up baby,1938,1,7.9,51391,1073000,18,2,1938,USA,0
112,tt0029870,angels with dirty faces,1938,1,7.9,18452,900000,26,11,1938,USA,0
113,tt0030637,pygmalion,1938,0,7.8,7198,350000,3,3,1939,USA,0
114,tt0032138,the wizard of oz,1939,0,8,354596,2800000,25,8,1939,USA,0
115,tt0031725,ninotchka,1939,1,8,17360,1365000,23,11,1939,USA,0
116,tt0031514,le jour se lève,1939,0,7.8,5974,846546,29,7,1940,USA,0
117,tt0032145,wuthering heights,1939,1,7.7,15021,1000000,7,4,1939,USA,0
118,tt0032143,the women,1939,1,7.9,11645,1688000,1,9,1939,USA,0
119,tt0031971,stagecoach,1939,1,7.9,38550,392000,3,3,1939,USA,0
120,tt0031679,mr. smith goes to washington,1939,1,8.2,98990,1500000,19,10,1939,USA,0
121,tt0031885,the rules of the game,1939,0,8.1,24459,900000,8,4,1950,USA,0
122,tt0031225,destry rides again,1939,1,7.7,9226,700000,29,12,1939,USA,0
123,tt0032904,the philadelphia story,1940,0,8,58914,914000,17,1,1941,USA,0
124,tt0032910,pinocchio,1940,1,7.5,117804,2600000,23,2,1940,USA,0
125,tt0032599,his girl friday,1940,1,8,48870,280000,18,1,1940,USA,0
126,tt0032551,the grapes of wrath,1940,0,8.1,81540,800000,15,3,1940,USA,0
127,tt0032553,the great dictator,1940,0,8.5,183205,2000000,7,3,1941,USA,0
128,tt0033045,the shop around the corner,1940,0,8.1,24646,160000,12,1,1940,USA,0
129,tt0033152,the thief of bagdad,1940,0,7.5,10854,1135654,25,12,1940,USA,0
130,tt0032455,fantasia,1940,1,7.8,82424,2280000,20,6,1941,USA,0
131,tt0032234,the bank dick,1940,0,7.3,6248,90000,29,11,1940,USA,0
132,tt0033717,high sierra,1941,1,7.6,13725,455000,25,1,1941,USA,0
133,tt0034240,sullivan's travels,1941,0,8,21839,689665,6,2,1942,USA,0
134,tt0033467,citizen kane,1941,1,8.3,366775,839727,5,9,1941,USA,0
135,tt0033870,the maltese falcon,1941,0,8,141417,375000,18,10,1941,USA,0
136,tt0033563,dumbo,1941,1,7.3,109426,950000,31,10,1941,USA,0
137,tt0033712,here comes mr. jordan,1941,0,7.6,5399,3600000,21,8,1941,USA,0
138,tt0033804,the lady eve,1941,0,7.9,17422,660000,21,3,1941,USA,0
139,tt0034167,sergeant york,1941,0,7.8,14217,1400000,27,9,1941,USA,0
140,tt0033836,the little foxes,1941,0,8.1,9324,1200000,29,8,1941,USA,0
141,tt0035169,the palm beach story,1942,0,7.7,9810,950000,1,1,1943,USA,0
142,tt0034492,bambi,1942,1,7.3,119418,1700000,21,8,1942,USA,0
143,tt0034946,kings row,1942,0,7.6,3638,1081698,18,4,1942,USA,0
144,tt0035567,woman of the year,1942,1,7.3,8356,3000000,14,2,1942,USA,0
145,tt0034587,cat people,1942,1,7.4,17561,134000,25,12,1942,USA,0
146,tt0035575,yankee doodle dandy,1942,0,7.7,13023,1532000,6,6,1942,USA,0
147,tt0035446,to be or not to be,1942,1,8.2,23514,1200000,6,3,1942,USA,0
148,tt0035015,the magnificent ambersons,1942,0,7.8,20447,850000,10,7,1942,USA,0
149,tt0035140,"now, voyager",1942,1,8,13613,877000,31,10,1942,USA,0
150,tt0036244,the ox-bow incident,1943,0,8,19224,565000,21,5,1943,USA,0
151,tt0036112,the life and death of colonel blimp,1943,0,8.2,11841,200000,4,5,1945,USA,0
152,tt0036342,shadow of a doubt,1943,1,7.9,54392,140000,15,1,1943,USA,0
153,tt0035160,ossessione,1943,0,7.7,6148,1750000,24,5,1949,Uruguay,0
154,tt0036172,the more the merrier,1943,0,7.8,5354,878000,13,5,1943,USA,0
155,tt0036027,i walked with a zombie,1943,1,7.2,9827,150000,30,4,1943,USA,0
156,tt0036377,the song of bernadette,1943,0,7.6,5539,2000000,21,12,1943,USA,0
157,tt0035896,for whom the bell tolls,1943,0,6.9,7675,3000000,28,4,1944,Sweden,0
158,tt0036515,watch on the rhine,1943,1,7.4,3457,1099000,27,8,1943,USA,0
159,tt0036506,day of wrath,1943,1,8.1,8277,450000,24,4,1948,USA,0
160,tt0037059,meet me in st. louis,1944,1,7.6,18378,1707561,22,11,1944,USA,0
161,tt0036910,henry v,1944,1,7.2,5280,475000,28,10,1945,Finland,0
162,tt0037382,to have and have not,1944,1,7.9,28230,1684000,20,1,1945,USA,0
163,tt0037101,"murder, my sweet",1944,0,7.6,10961,400000,22,2,1945,USA,0
164,tt0036891,hail the conquering hero,1944,1,7.7,3924,775000,9,8,1944,USA,0
165,tt0036775,double indemnity,1944,1,8.3,129825,927262,6,7,1944,USA,0
166,tt0037077,the miracle of morgan's creek,1944,0,7.8,6277,775000,15,12,1943,Scotland,0
167,tt0037008,laura,1944,1,8,38820,1020000,11,10,1944,USA,0
168,tt0036855,gaslight,1944,1,7.8,21352,2068000,30,10,1944,Sweden,0
169,tt0037824,"ivan the terrible, part one",1944,0,7.7,8252,1300000,8,3,1947,USA,0
170,tt0037674,children of paradise,1945,1,8.3,16880,3900000,15,11,1946,USA,0
171,tt0037913,mildred pierce,1945,1,8,20501,1453000,20,10,1945,USA,0
172,tt0037558,brief encounter,1945,1,8.1,32177,170000,24,8,1946,USA,0
173,tt0037800,i know where i'm going!,1945,0,7.6,7180,200000,9,8,1947,USA,0
174,tt0037635,dead of night,1945,1,7.7,9652,250000,15,2,1946,Finland,0
175,tt0038109,spellbound,1945,1,7.6,39612,1696377,28,12,1945,USA,0
176,tt0038890,rome open city,1945,0,8.1,20657,600000,8,10,1945,Italy,0
177,tt0037638,detour,1945,1,7.4,12895,30000,16,11,1945,USA,0
178,tt0038348,beauty and the beast,1946,1,8,22484,1600000,23,12,1947,USA,0
179,tt0038669,the killers,1946,0,7.8,17145,420000,30,8,1946,USA,0
180,tt0038762,my darling clementine,1946,1,7.8,19580,2000000,16,10,1946,USA,0
181,tt0038787,notorious,1946,1,8,85650,2000000,6,9,1946,USA,0
182,tt0038823,paisan,1946,0,7.7,6401,1000000,29,3,1948,USA,0
183,tt0038574,great expectations,1946,1,7.9,20480,350000,22,5,1947,USA,0
184,tt0038733,a matter of life and death,1946,0,8.1,17311,320000,14,3,1946,Australia,0
185,tt0038355,the big sleep,1946,0,8,73981,250000,31,8,1946,USA,0
186,tt0038650,it's a wonderful life,1946,0,8.6,360912,3180000,7,1,1947,USA,0
187,tt0039204,body and soul,1947,1,7.7,3907,1800000,9,11,1947,USA,0
188,tt0039286,crossfire,1947,1,7.4,6690,250000,15,8,1947,USA,0
189,tt0039689,out of the past,1947,0,8,29330,650000,25,11,1947,USA,0
190,tt0039192,black narcissus,1947,1,7.9,19355,280000,24,4,1947,UK,0
191,tt0039677,odd man out,1947,1,7.7,8035,1100000,23,4,1947,USA,0
192,tt0039628,miracle on 34th street,1947,0,7.9,37039,630000,2,10,1947,Argentina,0
193,tt0039208,boomerang!,1947,0,7.2,3698,1140000,28,4,1947,Sweden,0
194,tt0040525,the lady from shanghai,1947,0,7.7,23711,2300000,24,12,1947,France,0
195,tt0039631,monsieur verdoux,1947,0,8,14268,2000000,8,12,1947,Sweden,0
196,tt0040725,the red shoes,1948,0,8.3,24791,500000,6,9,1948,UK,0
197,tt0040724,red river,1948,1,7.8,25697,3000000,17,9,1948,USA,0
198,tt0040897,the treasure of the sierra madre,1948,0,8.2,104368,3000000,24,1,1948,USA,0
199,tt0040522,bicycle thieves,1948,1,8.3,129521,133000,13,12,1949,USA,0
200,tt0040662,oliver twist,1948,1,7.8,10326,175000,30,7,1951,USA,0
201,tt0040806,the snake pit,1948,0,7.6,6065,3800000,13,11,1948,USA,0
202,tt0040536,letter from an unknown woman,1948,0,8,10045,777000,13,9,1948,Sweden,0
203,tt0040338,the fallen idol,1948,0,7.8,7034,888000,25,10,1948,UK,0
204,tt0040366,force of evil,1948,0,7.3,5158,666000,25,12,1948,USA,0
205,tt0041090,adam's rib,1949,0,7.6,18022,1728000,18,11,1949,USA,0
206,tt0042040,whisky galore!,1949,0,7.2,4526,920000,25,12,1949,USA,0
207,tt0041996,twelve o'clock high,1949,0,7.7,11520,1450000,13,2,1950,Brazil,0
208,tt0041154,late spring,1949,1,8.3,12258,140,21,7,1972,USA,0
209,tt0041452,the heiress,1949,0,8.2,12024,2600000,28,12,1949,USA,0
210,tt0041546,kind hearts and coronets,1949,1,8.1,32126,680000,14,6,1950,USA,0
211,tt0042041,white heat,1949,0,8.2,24754,1300000,3,9,1949,USA,0
212,tt0041716,on the town,1949,1,7.6,14732,2111250,30,12,1949,USA,0
213,tt0041959,the third man,1949,0,8.2,146386,390000,12,10,1949,France,0
214,tt0042876,rashômon,1950,0,8.3,136868,250000,26,12,1951,USA,0
215,tt0042208,the asphalt jungle,1950,0,7.9,21900,1232000,1,6,1950,USA,0
216,tt0042593,in a lonely place,1950,1,8,22676,310000,17,5,1950,USA,0
217,tt0043137,winchester '73,1950,0,7.7,15262,400000,12,7,1950,USA,0
218,tt0042530,gun crazy,1950,0,7.7,10285,400000,20,1,1950,USA,0
219,tt0042276,born yesterday,1950,1,7.6,9147,110000,25,12,1950,USA,0
220,tt0041719,orpheus,1950,1,8,9241,410000,29,11,1950,USA,0
221,tt0043014,sunset boulevard,1950,0,8.4,181610,1752000,29,9,1950,Australia,0
222,tt0042804,los olvidados,1950,0,8.3,16293,23092,24,3,1952,USA,0
223,tt0044829,the lavender hill mob,1951,0,7.7,11532,290000,10,9,1951,Sweden,0
224,tt0043972,the river,1951,1,7.6,5085,1100000,19,12,1951,France,0
225,tt0043456,the day the earth stood still,1951,0,7.8,72627,1200000,25,12,1951,Brazil,0
226,tt0043338,ace in the hole,1951,1,8.2,24741,1800000,4,7,1951,USA,0
227,tt0042619,diary of a country priest,1951,1,8,8516,690000,5,4,1954,USA,0
228,tt0043265,the african queen,1951,0,7.8,66787,1000000,21,3,1952,USA,0
229,tt0044081,a streetcar named desire,1951,1,8,92180,1800000,1,12,1951,West,0
230,tt0044079,strangers on a train,1951,1,8,115033,1200000,30,6,1951,USA,0
231,tt0043924,a place in the sun,1951,0,7.8,18253,2295304,11,10,1951,France,0
232,tt0043686,forbidden games,1952,1,8,10067,180000,8,12,1952,USA,0
233,tt0045152,singin' in the rain,1952,0,8.3,199327,2540800,11,4,1952,USA,0
234,tt0044741,ikiru,1952,1,8.3,59284,40000,25,3,1956,USA,0
235,tt0043511,europa '51,1952,0,7.6,2794,240000,3,11,1954,USA,0
236,tt0044487,the golden coach,1952,0,7.2,2336,900000,5,1,1954,USA,0
237,tt0044391,the bad and the beautiful,1952,0,7.9,11792,1558000,9,2,1953,Brazil,0
238,tt0045274,umberto d.,1952,0,8.2,20365,5000000,7,11,1955,USA,0
239,tt0044837,limelight,1952,1,8.1,16292,900000,31,10,1952,France,0
240,tt0044706,high noon,1952,1,8,90978,730000,30,7,1952,USA,0
241,tt0045061,the quiet man,1952,0,7.8,32061,1750000,14,9,1952,USA,0
242,tt0046438,tokyo story,1953,1,8.2,44463,720000,13,3,1972,USA,0
243,tt0046478,ugetsu,1953,1,8.2,18124,165000,7,9,1954,USA,0
244,tt0046268,the wages of fear,1953,0,8.1,48725,2600000,16,2,1955,USA,0
245,tt0046303,shane,1953,1,7.6,33789,3100000,1,10,1953,France,0
246,tt0046250,roman holiday,1953,1,8,118308,1500000,2,9,1953,USA,0
247,tt0045537,the band wagon,1953,0,7.5,9091,2169120,7,8,1953,USA,0
248,tt0045555,the big heat,1953,0,8,20965,1350000,6,12,1953,Japan,0
249,tt0046487,monsieur hulot's holiday,1953,0,7.5,15215,999000,16,6,1954,USA,0
250,tt0046022,the earrings of madame de...,1953,0,8,7984,540000,19,7,1954,USA,0
251,tt0047396,rear window,1954,1,8.5,403404,1000000,4,8,1954,USA,0
252,tt0047445,sansho the bailiff,1954,0,8.4,12692,1260000,31,3,1954,Japan,0
253,tt0047528,la strada,1954,0,8,53484,841000,16,7,1956,USA,0
254,tt0047522,a star is born,1954,1,7.7,14176,5019770,16,10,1954,USA,0
255,tt0046828,carmen jones,1954,1,6.9,4096,750000,28,10,1954,USA,0
256,tt0047469,senso,1954,0,7.6,5443,4120000,8,7,1968,USA,0
257,tt0047136,johnny guitar,1954,1,7.7,13983,999999,23,8,1954,USA,0
258,tt0047478,seven samurai,1954,0,8.7,287206,2000000,19,11,1956,USA,0
259,tt0047472,seven brides for seven brothers,1954,1,7.4,19619,2540000,6,8,1954,USA,0
260,tt0048424,the night of the hunter,1955,0,8,75829,795000,24,11,1955,Argentina,0
261,tt0046911,diabolique,1955,1,8.1,57294,1789546,21,11,1955,USA,0
262,tt0048473,pather panchali,1955,1,8.5,19509,14613,26,8,1955,India,0
263,tt0048641,smiles of a summer night,1955,1,7.9,11172,45006,23,12,1957,USA,0
264,tt0048028,east of eden,1955,0,7.9,37136,5130555,10,4,1955,USA,0
265,tt0047849,bad day at black rock,1955,0,7.7,17533,1271000,15,5,1955,Japan,0
266,tt0048021,rififi,1955,1,8.2,23143,200000,5,6,1956,USA,0
267,tt0048261,kiss me deadly,1955,0,7.6,16872,410000,8,5,1955,USA,0
268,tt0048545,rebel without a cause,1955,1,7.7,76534,1500000,29,10,1955,USA,0
269,tt0047892,bob le flambeur,1956,0,7.8,9463,2962912,24,8,1956,France,0
270,tt0049902,a man escaped,1956,0,8.2,16190,3960000,26,8,1957,USA,0
271,tt0049966,written on the wind,1956,0,7.5,9158,285666,25,12,1956,USA,0
272,tt0048956,aparajito,1956,1,8.2,9728,62455,11,10,1956,India,0
273,tt0049012,the burmese harp,1956,0,8.1,4945,1420000,28,4,1967,USA,0
274,tt0049366,invasion of the body snatchers,1956,1,7.8,41141,417000,5,2,1956,USA,0
275,tt0049261,giant,1956,1,7.7,31390,5400000,24,11,1956,USA,0
276,tt0049833,the ten commandments,1956,0,7.9,57914,13282712,5,10,1956,USA,0
277,tt0049406,the killing,1956,1,8,74110,320000,6,6,1956,USA,0
278,tt0049730,the searchers,1956,0,8,73645,3750000,26,5,1956,USA,0
279,tt0050419,funny face,1957,1,7.1,24150,3000000,25,4,1957,UK,0
280,tt0050371,a face in the crowd,1957,1,8.2,12223,1855000,1,6,1957,USA,0
281,tt0051036,sweet smell of success,1957,1,8.1,24629,2600000,4,7,1957,USA,0
282,tt0050825,paths of glory,1957,1,8.4,158946,935000,1,11,1957,West Germany,0
283,tt0050613,throne of blood,1957,1,8.1,40131,2380000,22,11,1961,USA,0
284,tt0050986,wild strawberries,1957,1,8.2,85098,3250000,22,6,1959,USA,0
285,tt0050783,nights of cabiria,1957,1,8.1,39032,250000,16,10,1957,France,0
286,tt0050976,the seventh seal,1957,0,8.2,144931,150000,13,10,1958,USA,0
287,tt0050083,12 angry men,1957,1,8.9,603296,350000,10,4,1957,USA,0
288,tt0051994,a night to remember,1958,0,7.9,12446,1680000,16,12,1958,USA,0
289,tt0051790,"ivan the terrible, part two",1958,0,7.8,6164,2574000,24,11,1959,USA,0
290,tt0051459,cat on a hot tin roof,1958,1,8,40960,3000000,29,8,1958,USA,0
291,tt0051554,horror of dracula,1958,1,7.4,18817,81000,16,6,1958,UK,0
292,tt0052311,touch of evil,1958,1,8,93162,829000,23,4,1958,USA,0
293,tt0052357,vertigo,1958,1,8.3,324099,2479000,21,7,1958,Brazil,0
294,tt0050706,mon oncle,1958,1,7.8,16882,110000,3,11,1958,USA,0
295,tt0051525,the defiant ones,1958,0,7.7,11997,778000,27,9,1958,USA,0
296,tt0052080,ashes and diamonds,1958,0,7.9,9336,1565648,29,5,1961,USA,0
297,tt0053221,rio bravo,1959,1,8,51343,3690000,4,4,1959,USA,0
298,tt0053291,some like it hot,1959,1,8.2,223022,2883848,14,4,1959,Japan,0
299,tt0053125,north by northwest,1959,1,8.3,274719,3101000,26,9,1959,Japan,0
300,tt0052561,anatomy of a murder,1959,1,8,54462,4000200,1,7,1959,USA,0
301,tt0053198,the 400 blows,1959,0,8.1,93136,444000,16,11,1959,USA,0
302,tt0052893,hiroshima mon amour,1959,0,8,25075,2500000,16,5,1960,USA,0
303,tt0053226,room at the top,1959,0,7.6,4601,280000,22,1,1959,UK,0
304,tt0052572,the world of apu,1959,0,8.4,9983,90500,4,10,1960,USA,0
305,tt0053168,pickpocket,1959,0,7.8,17245,2630000,16,12,1959,France,0
306,tt0054248,rocco and his brothers,1960,1,8.3,14503,390000,26,6,1961,USA,0
307,tt0054215,psycho,1960,1,8.5,544154,806947,8,9,1960,USA,0
308,tt0054167,peeping tom,1960,1,7.7,27260,135000,15,5,1962,USA,0
309,tt0054269,saturday night and sunday morning,1960,0,7.6,6913,100000,3,4,1961,USA,0
310,tt0054331,spartacus,1960,1,7.9,114145,12000000,17,11,1960,Brazil,0
311,tt0053619,l'avventura,1960,0,7.9,23167,3920000,4,3,1961,USA,0
312,tt0053779,la dolce vita,1960,1,8.1,59459,6500000,19,4,1961,USA,0
313,tt0053472,breathless,1960,1,7.9,65151,220000,7,2,1961,USA,0
314,tt0054389,shoot the piano player,1960,1,7.6,15607,150719,23,7,1962,USA,0
315,tt0054698,breakfast at tiffany's,1961,0,7.7,152520,2500000,6,10,1961,USA,0
316,tt0055630,yojimbo,1961,1,8.3,99434,4888000,13,9,1961,USA,0
317,tt0055506,a taste of honey,1961,1,7.6,4265,121602,30,4,1962,USA,0
318,tt0055093,lola,1961,1,7.6,4373,70000,14,10,1962,USA,0
319,tt0055601,viridiana,1961,0,8.2,19910,5300111,19,3,1962,USA,0
320,tt0054632,last year at marienbad,1961,0,7.9,18142,4788000,7,3,1962,USA,0
321,tt0055499,through a glass darkly,1961,1,8.1,20129,7888444,16,10,1961,Sweden,0
322,tt0054997,the hustler,1961,0,8,70946,2000000,25,9,1961,USA,0
323,tt0054130,la notte,1961,1,8,15514,6650000,19,2,1962,USA,0
324,tt0055032,jules and jim,1962,1,7.8,33652,999999,23,1,1962,France,0
325,tt0056663,vivre sa vie,1962,0,8,23774,64000,20,9,1962,France,0
326,tt0056736,l'eclisse,1962,0,7.9,15052,16222888,20,12,1962,USA,0
327,tt0056732,the exterminating angel,1962,0,8.2,24976,111000,21,8,1967,USA,0
328,tt0056291,knife in the water,1962,0,7.6,18001,99000,28,10,1963,USA,0
329,tt0056218,the manchurian candidate,1962,0,8,67828,2200000,24,10,1962,USA,0
330,tt0056592,to kill a mockingbird,1962,1,8.3,274778,2000000,16,3,1963,USA,0
331,tt0056687,what ever happened to baby jane?,1962,1,8.1,45614,980000,31,10,1962,USA,0
332,tt0056217,the man who shot liberty valance,1962,0,8.1,63118,3200000,22,4,1962,USA,0
333,tt0057163,hud,1963,1,7.9,17634,2500000,29,5,1963,USA,0
334,tt0056868,billy liar,1963,0,7.4,5191,15000,16,12,1963,USA,0
335,tt0057578,this sporting life,1963,0,7.8,5345,279063,22,5,1963,France,0
336,tt0057115,the great escape,1963,0,8.2,206408,4000000,4,7,1963,USA,0
337,tt0057495,shock corridor,1963,1,7.5,9936,85000,19,6,1964,Italy,0
338,tt0057091,the leopard,1963,0,8.1,20412,1663370,29,3,1963,Italy,0
339,tt0057345,contempt,1963,1,7.7,25091,900000,18,12,1964,USA,0
340,tt0056801,8 1/2,1963,0,8.1,100028,900000,25,6,1963,USA,0
341,tt0056869,the birds,1963,0,7.7,156114,2500000,29,3,1963,USA,0
342,tt0058625,woman in the dunes,1964,1,8.5,14987,1222555,25,10,1964,USA,0
343,tt0058150,goldfinger,1964,1,7.7,159720,3000000,9,1,1965,USA,0
344,tt0057869,band of outsiders,1964,1,7.8,20280,120000,5,8,1964,France,0
345,tt0058331,mary poppins,1964,1,7.8,144477,6000000,18,6,1965,USA,0
346,tt0058138,gertrud,1964,0,7.5,4976,107000,2,6,1966,USA,0
347,tt0058450,the umbrellas of cherbourg,1964,0,7.8,20783,33000,16,12,1964,USA,0
348,tt0058715,the gospel according to st. matthew,1964,0,7.8,9675,40000,3,3,1965,France,0
349,tt0057012,dr. strangelove or: how i learned to stop worrying and love the bomb,1964,1,8.4,418292,1800000,29,1,1964,USA,0
350,tt0058182,a hard day's night,1964,0,7.7,37099,560000,7,7,1964,UK,0
351,tt0058642,shadows of forgotten ancestors,1965,0,8,5259,1500000,18,10,1965,Soviet,0
352,tt0059012,chimes at midnight,1965,0,7.9,6895,800000,17,3,1967,USA,0
353,tt0059084,darling,1965,1,7.2,5277,400000,3,8,1965,USA,0
354,tt0059229,juliet of the spirits,1965,1,7.6,10365,8888888,3,11,1965,USA,0
355,tt0059592,pierrot le fou,1965,0,7.7,25413,300000,8,1,1969,USA,0
356,tt0059113,doctor zhivago,1965,1,8,64876,11000000,31,12,1965,USA,0
357,tt0058946,the battle of algiers,1965,0,8.1,47287,800000,20,9,1967,USA,0
358,tt0059415,loves of a blonde,1965,0,7.7,6592,175000,26,10,1966,USA,0
359,tt0059646,repulsion,1965,1,7.7,44061,300000,3,10,1965,USA,0
360,tt0060176,blow-up,1966,1,7.6,51152,1800000,24,2,1967,Brazil,0
361,tt0060196,"the good, the bad, and the ugly",1966,0,8.8,629597,1200000,29,12,1967,USA,0
362,tt0060107,andrei roublev,1966,0,8.2,39471,15342,18,2,1969,USSR,0
363,tt0060827,persona,1966,1,8.1,88162,5000,16,3,1967,USA,0
364,tt0060802,closely watched trains,1966,0,7.7,10183,50000,18,11,1966,Czechoslovakia,0
365,tt0063794,war and peace,1966,1,8,5570,9213013,28,4,1968,USA,0
366,tt0060138,au hasard balthazar,1966,0,7.9,15479,60000,25,5,1966,France,0
367,tt0061184,who's afraid of virginia woolf?,1966,0,8,64520,7500000,22,6,1966,USA,0
368,tt0060675,"masculin, féminin",1966,0,7.6,11169,88000,22,3,1966,France,0
369,tt0062480,weekend,1967,1,7.3,12017,250000,27,9,1968,USA,0
370,tt0063462,the producers,1967,0,7.6,46644,941000,10,11,1968,USA,0
371,tt0062229,le samouraï,1967,0,8.1,39651,65000,25,10,1967,France,0
372,tt0062136,playtime,1967,1,8,16955,17256700,27,6,1973,USA,0
373,tt0061512,cool hand luke,1967,1,8.1,149912,3200000,1,11,1967,USA,0
374,tt0062138,point blank,1967,0,7.4,16832,3000000,10,2,1968,Japan,0
375,tt0061395,belle de jour,1967,1,7.8,36182,20246403,10,4,1968,USA,0
376,tt0061722,the graduate,1967,0,8,239264,3000000,21,12,1967,USA,0
377,tt0061418,bonnie and clyde,1967,1,7.8,94923,2500000,4,8,1967,Canada,0
378,tt0062952,faces,1968,1,7.7,8502,275000,15,3,1968,USA,0
379,tt0063850,if...,1968,1,7.6,20316,500000,21,5,1969,France,0
380,tt0063442,planet of the apes,1968,1,8,156732,5800000,3,4,1968,USA,0
381,tt0063522,rosemary's baby,1968,0,8,171572,2300000,17,10,1968,France,0
382,tt0064116,once upon a time in the west,1968,1,8.5,274615,5000000,4,7,1969,USA,0
383,tt0062695,stolen kisses,1968,0,7.8,10445,350000,14,8,1968,France,0
384,tt0062765,bullitt,1968,1,7.4,55718,5500000,17,10,1968,USA,0
385,tt0062622,2001: a space odyssey,1968,1,8.3,548095,12000000,12,5,1968,UK,0
386,tt0063350,night of the living dead,1968,1,7.9,105905,114000,4,10,1968,USA,0
387,tt0063611,shame,1968,1,8,10590,290280,23,12,1968,USA,0
388,tt0064040,army of shadows,1969,1,8.2,18166,300000,12,9,1969,France,0
389,tt0065088,"they shoot horses, don't they?",1969,0,7.9,14850,4860000,10,12,1969,USA,0
390,tt0064612,my night at maud's,1969,0,8,9109,166000,22,3,1970,USA,0
391,tt0066904,the sorrow and the pity,1969,0,8.3,3282,140000,25,3,1972,USA,0
392,tt0065234,z,1969,1,8.2,21479,4000000,8,12,1969,USA,0
393,tt0064276,easy rider,1969,1,7.4,89904,400000,26,6,1969,Sweden,0
394,tt0065214,the wild bunch,1969,0,8,72681,6244087,19,6,1969,USA,0
395,tt0064541,kes,1969,1,7.9,16664,165000,3,4,1970,UK,0
396,tt0066026,m*a*s*h,1969,0,7.5,63679,3500000,25,1,1970,USA,0
397,tt0064115,butch cassidy and the sundance kid,1969,1,8.1,188692,6000000,24,9,1969,USA,0
398,tt0064106,le boucher,1970,0,7.5,6973,5000000,19,12,1971,USA,0
399,tt0065772,claire's knee,1970,0,7.7,7575,300000,21,2,1971,USA,0
400,tt0065777,the garden of the finzi-continis,1970,0,7.5,5498,1000000,16,12,1971,USA,0
401,tt0066580,woodstock,1970,1,8.1,14799,600000,26,3,1970,USA,0
402,tt0065571,the conformist,1970,0,8.1,23626,750000,22,10,1970,USA,0
403,tt0065724,five easy pieces,1970,1,7.5,30364,1600000,19,2,1971,Finland,0
404,tt0066491,tristana,1970,1,7.6,9235,1000000,29,3,1970,Spain,0
405,tt0065988,little big man,1970,1,7.6,30736,15000000,23,12,1970,USA,0
406,tt0067959,walkabout,1971,1,7.7,20951,679575,1,7,1971,USA,0
407,tt0067309,klute,1971,1,7.2,19404,2500000,25,6,1971,USA,0
408,tt0067144,the go-between,1971,0,7.4,4356,1000000,1,10,1971,UK,0
409,tt0066999,dirty harry,1971,0,7.8,132903,4000000,23,12,1971,USA,0
410,tt0067328,the last picture show,1971,0,8.1,38180,1300000,22,10,1971,USA,0
411,tt0067778,murmur of the heart,1971,0,7.8,7912,210000,17,10,1971,USA,0
412,tt0067411,mccabe & mrs. miller,1971,1,7.7,19958,3500000,24,6,1971,USA,0
413,tt0066921,a clockwork orange,1971,1,8.3,695765,2200000,2,2,1972,USA,0
414,tt0067445,death in venice,1971,1,7.5,16804,2000000,5,3,1971,Italy,0
415,tt0068473,deliverance,1972,1,7.7,92010,2000000,18,8,1972,USA,0
416,tt0070849,last tango in paris,1972,1,7.1,45423,1250000,7,2,1973,USA,0
417,tt0069467,cries and whispers,1972,1,8.1,26156,400000,5,3,1973,Sweden,0
418,tt0068327,cabaret,1972,1,7.8,44060,6000000,13,2,1972,USA,0
419,tt0068575,fat city,1972,0,7.4,6822,300000,26,7,1972,USA,0
420,tt0068361,the discreet charm of the bourgeoisie,1972,0,7.9,33941,800000,22,10,1972,USA,0
421,tt0068182,"aguirre, the wrath of god",1972,0,8,47004,370000,3,4,1977,USA,0
422,tt0068611,frenzy,1972,1,7.4,37407,2000000,21,6,1972,USA,0
423,tt0069293,solaris,1972,1,8.1,70455,15320,26,9,1972,Czechoslovakia,0
424,tt0070379,mean streets,1973,1,7.3,85609,500000,14,10,1973,USA,0
425,tt0071129,amarcord,1973,0,7.9,35818,900000,19,9,1974,USA,0
426,tt0069995,don't look now,1973,0,7.3,43594,1500000,11,10,1973,UK,0
427,tt0070047,the exorcist,1973,0,8,337263,12000000,26,12,1973,USA,0
428,tt0069762,badlands,1973,1,7.9,58999,450000,5,1,1974,Brazil,0
429,tt0070460,day for night,1973,1,8,18052,300000,7,9,1973,USA,0
430,tt0070334,the long goodbye,1973,0,7.7,22707,1700000,31,5,1973,Argentina,0
431,tt0069704,american graffiti,1973,1,7.5,75355,777000,11,8,1973,USA,0
432,tt0070040,the spirit of the beehive,1973,0,7.9,15170,300000,14,3,1975,Sweden,0
433,tt0071141,ali: fear eats the soul,1974,1,8.1,16675,235000,31,10,1974,USA,0
434,tt0072417,a woman under the influence,1974,1,8.2,18382,6000000,18,11,1974,USA,0
435,tt0071733,lacombe lucien,1974,0,7.8,5705,2800000,29,9,1974,USA,0
436,tt0071230,blazing saddles,1974,1,7.7,116820,2600000,7,2,1974,USA,0
437,tt0071691,the enigma of kaspar hauser,1974,0,7.8,15097,60000,1,11,1974,West,0
438,tt0071381,celine and julie go boating,1974,1,7.7,4137,50000,18,9,1974,France,0
439,tt0071360,the conversation,1974,0,7.9,88172,1600000,7,4,1974,USA,0
440,tt0071315,chinatown,1974,1,8.2,268122,6000000,20,6,1974,USA,0
441,tt0072431,young frankenstein,1974,1,8,134019,2800000,15,12,1974,USA,0
442,tt0073540,picnic at hanging rock,1975,1,7.5,30654,440000,2,2,1979,USA,0
443,tt0073341,the man who would be king,1975,0,7.9,41117,8000000,19,12,1975,UK,0
444,tt0073722,smile,1975,1,7.2,1952,50000,28,3,1977,Poland,0
445,tt0073453,night moves,1975,0,7.1,10501,4899000,30,8,1975,Italy,0
446,tt0073195,jaws,1975,1,8,515043,8000000,20,6,1975,USA,0
447,tt0072890,dog day afternoon,1975,1,8,219805,1800000,25,12,1975,USA,0
448,tt0073440,nashville,1975,1,7.7,21289,2200000,21,9,1975,UK,0
449,tt0072684,barry lyndon,1975,1,8.1,133755,11000000,18,12,1975,USA,0
450,tt0071853,monty python and the holy grail,1975,1,8.3,465686,229575,25,5,1975,UK,0
451,tt0074102,in the realm of the senses,1976,1,6.6,16495,220000,1,4,1977,USA,0
452,tt0075213,the shootist,1976,0,7.7,20270,1655000,20,8,1976,USA,0
453,tt0075029,the outlaw josey wales,1976,0,7.9,60517,3700000,7,8,1976,Japan,0
454,tt0075314,taxi driver,1976,1,8.3,643690,1300000,8,2,1976,USA,0
455,tt0074084,1900,1976,0,7.7,20542,9000000,4,11,1977,USA,0
456,tt0074958,network,1976,1,8.1,132474,3800000,27,11,1976,USA,0
457,tt0074360,cría cuervos,1976,0,8.1,8128,1000000,18,5,1977,USA,0
458,tt0074285,carrie,1976,1,7.4,153230,1800000,16,11,1976,USA,0
459,tt0074119,all the president's men,1976,0,8,93061,8500000,9,4,1976,USA,0
460,tt0075675,the american friend,1977,0,7.4,12072,1703521,28,9,1977,France,0
461,tt0075824,that obscure object of desire,1977,0,8,18449,775000,8,10,1977,USA,0
462,tt0074486,eraserhead,1977,1,7.4,91557,20000,3,2,1978,USA,0
463,tt0076786,suspiria,1977,1,7.5,69251,800000,12,8,1977,USA,0
464,tt0076734,soldier of orange,1977,0,7.7,10297,2519838,16,8,1979,USA,0
465,tt0076759,star wars: episode iv - a new hope,1977,0,8.6,1130665,11000000,25,5,1977,USA,0
466,tt0076666,saturday night fever,1977,1,6.8,64691,3000000,16,12,1977,USA,0
467,tt0076245,julia,1977,1,7.3,8144,7840000,20,1,1978,West,0
468,tt0075860,close encounters of the third kind,1977,1,7.7,168690,20000000,14,12,1977,USA,0
469,tt0077631,grease,1978,1,7.2,212715,6000000,16,6,1978,USA,0
470,tt0077975,national lampoon's animal house,1978,0,7.5,105597,3000000,28,7,1978,USA,0
471,tt0078346,superman,1978,1,7.3,148926,55000000,15,12,1978,USA,0
472,tt0077402,dawn of the dead,1978,1,7.9,104066,650000,24,5,1979,USA,0
473,tt0077138,the tree of wooden clogs,1978,0,7.9,4724,200000,1,6,1979,USA,0
474,tt0076263,killer of sheep,1978,0,7.4,5515,100000,14,11,1978,USA,0
475,tt0077405,days of heaven,1978,1,7.9,46225,3000000,6,10,1978,USA,0
476,tt0077651,halloween,1978,1,7.8,207483,300000,27,10,1978,USA,0
477,tt0077838,the last waltz,1978,0,8.2,14756,75000,26,4,1978,USA,0
478,tt0078875,the tin drum,1979,0,7.6,20603,2995000,11,4,1980,USA,0
479,tt0078754,all that jazz,1979,1,7.8,24591,12000000,20,12,1979,USA,0
480,tt0078748,alien,1979,1,8.5,721141,11000000,22,6,1979,USA,0
481,tt0079470,monty python's life of brian,1979,0,8.1,337440,4000000,17,8,1979,USA,0
482,tt0079095,the marriage of maria braun,1979,0,7.9,11019,800000,23,3,1979,West,0
483,tt0079522,manhattan,1979,1,8,122397,9000000,25,4,1979,USA,0
484,tt0078788,apocalypse now,1979,1,8.5,553970,31500000,15,8,1979,USA,0
485,tt0078902,breaking away,1979,0,7.7,20210,2300000,20,7,1979,USA,0
486,tt0078841,being there,1979,1,8,60782,7000000,26,5,1980,Denmark,0
487,tt0081398,raging bull,1980,1,8.2,291230,18000000,19,12,1980,USA,0
488,tt0080388,atlantic city,1980,1,7.4,13398,7200000,3,4,1981,USA,0
489,tt0080678,the elephant man,1980,0,8.2,201896,5000000,10,10,1980,USA,0
490,tt0081176,mon oncle d'amérique,1980,0,7.9,4137,3000000,17,12,1980,USA,0
491,tt0080684,star wars: episode v - the empire strikes back,1980,1,8.7,1061712,18000000,20,6,1980,USA,0
492,tt0081505,the shining,1980,0,8.4,790817,19000000,13,6,1980,USA,0
493,tt0080979,kagemusha,1980,0,8,28865,6000000,10,10,1980,USA,0
494,tt0080437,the big red one,1980,0,7.2,17500,4500000,18,7,1980,USA,0
495,tt0080339,airplane!,1980,1,7.8,192104,3500000,2,7,1980,USA,0
496,tt0082269,diva,1981,1,7.2,10953,1500000,23,4,1982,USA,0
497,tt0082222,man of iron,1981,0,7.5,2743,165000,27,7,1981,Poland,0
498,tt0082736,mephisto,1981,1,7.8,8629,144000,22,3,1982,USA,0
499,tt0082432,gallipoli,1981,0,7.5,34205,1766180,28,8,1981,USA,0
500,tt0082912,pixote,1981,0,8,5767,350000,18,9,1981,Brazil,0
501,tt0084422,night of the shooting stars,1981,0,7.4,3443,120000,17,9,1982,Italy,0
502,tt0082979,reds,1981,1,7.4,19242,35000000,25,12,1981,USA,0
503,tt0082971,raiders of the lost ark,1981,1,8.5,820045,18000000,12,6,1981,USA,0
504,tt0082694,the road warrior,1981,0,7.6,155784,2000000,21,5,1982,USA,0
505,tt0082096,das boot,1981,1,8.4,212419,14000000,10,2,1982,USA,0
506,tt0083922,fanny & alexander,1982,1,8.1,52617,6000000,17,12,1982,Sweden,0
507,tt0083833,diner,1982,1,7.2,17490,5000000,21,5,1982,USA,0
508,tt0084855,the verdict,1982,0,7.8,32626,16000000,17,12,1982,USA,0
509,tt0085794,the king of comedy,1982,0,7.8,68092,20000000,18,12,1982,Iceland,0
510,tt0083658,blade runner,1982,1,8.2,633843,28000000,25,6,1982,USA,0
511,tt0083866,e.t. the extra-terrestrial,1982,0,7.9,339931,10500000,11,6,1982,USA,0
512,tt0083946,fitzcarraldo,1982,0,8.1,27816,7949768,10,10,1982,USA,0
513,tt0084805,tootsie,1982,1,7.4,90034,22000000,17,12,1982,USA,0
514,tt0930856,the fourth man,1983,0,7.3,3640,700000,31,10,2007,Serbia,0
515,tt0085482,el norte,1983,1,7.7,4467,800000,27,1,1984,USA,0
516,tt0086197,the right stuff,1983,0,7.9,52641,27000000,17,2,1984,USA,0
517,tt0086250,scarface,1983,1,8.3,671105,25000000,9,12,1983,USA,0
518,tt0085244,the big chill,1983,0,7.2,30306,8000000,30,9,1983,USA,0
519,tt0085461,the dresser,1983,0,7.7,4398,1456000,6,12,1983,USA,0
520,tt0085180,l'argent,1983,0,7.5,7166,400000,18,5,1983,France,0
521,tt0086312,silkwood,1983,1,7.2,16831,10000000,27,1,1984,USA,0
522,tt0085859,local hero,1983,1,7.4,18848,3600000,17,3,1983,UK,0
523,tt0087400,heimat,1983,0,8.8,2843,7609063,31,3,1985,USA,0
524,tt0088318,a sunday in the country,1984,0,7.8,1946,1069000,11,4,1984,France,0
525,tt0087892,a passage to india,1984,1,7.3,15732,16000000,1,2,1985,USA,0
526,tt0087884,"paris, texas",1984,1,8.1,75884,1162000,23,8,1984,UK,0
527,tt0087553,the killing fields,1984,0,7.9,47885,14400000,1,2,1985,USA,0
528,tt0088258,this is spinal tap,1984,1,8,120937,2500000,2,3,1984,USA,0
529,tt0088247,the terminator,1984,0,8,736082,6400000,26,10,1984,USA,0
530,tt0087843,once upon a time in america,1984,1,8.4,280754,30000000,1,6,1984,USA,0
531,tt0088184,stranger than paradise,1984,0,7.6,31368,90000,16,5,1984,France,0
532,tt0088846,brazil,1985,1,8,176349,15000000,18,12,1985,USA,0
533,tt0091867,a room with a view,1985,1,7.3,36223,3000000,11,4,1986,UK,0
534,tt0088763,back to the future,1985,1,8.5,946918,19000000,3,7,1985,USA,0
535,tt0091251,come and see,1985,1,8.2,44271,3000000,17,10,1985,Hungary,0
536,tt0089881,ran,1985,1,8.2,100458,11500000,1,6,1985,Japan,0
537,tt0090015,shoah,1985,0,8.5,7651,10000,30,4,1985,France,0
538,tt0092048,tampopo,1985,1,7.9,13575,66000,23,11,1985,Japan,0
539,tt0089841,prizzi's honor,1985,0,6.8,21259,16000000,14,6,1985,USA,0
540,tt0090329,witness,1985,1,7.4,79050,12000000,8,2,1985,USA,0
541,tt0091943,sherman's march,1986,0,7.4,2184,75000,4,2,1988,Australia,0
542,tt0091064,the fly,1986,0,7.5,146012,15000000,15,8,1986,USA,0
543,tt0090557,'round midnight,1986,0,7.4,4314,330000,3,10,1986,USA,0
544,tt0091480,manon of the spring,1986,0,8,19234,18000000,4,12,1987,USA,0
545,tt0090756,blue velvet,1986,1,7.8,164103,6000000,23,10,1986,Italy,0
546,tt0091167,hannah and her sisters,1986,1,7.9,62148,6400000,14,3,1986,USA,0
547,tt0090605,aliens,1986,1,8.4,605826,18500000,18,7,1986,USA,0
548,tt0092005,stand by me,1986,1,8.1,336246,8000000,26,11,1986,USA,0
549,tt0091288,jean de florette,1986,0,8,22458,17000000,28,8,1987,USA,0
550,tt0093565,moonstruck,1987,1,7.1,44249,15000000,15,1,1988,USA,0
551,tt0093191,wings of desire,1987,1,8.1,58388,2776625,6,5,1988,USA,0
552,tt0092603,babette's feast,1987,0,7.8,16473,1800000,4,3,1988,USA,0
553,tt0093713,pelle the conqueror,1987,0,7.8,9293,4500000,21,12,1988,USA,0
554,tt0093209,hope and glory,1987,1,7.3,11566,3000000,19,2,1988,USA,0
555,tt0092843,the dead,1987,1,7.4,6593,3500000,18,12,1987,USA,0
556,tt0092593,"au revoir, les enfants",1987,0,8,28393,2300000,12,2,1988,USA,0
557,tt0094349,yeelen,1987,0,7.1,1896,2000000,29,4,1988,Japan,0
558,tt0092699,broadcast news,1987,1,7.2,24922,20000000,25,12,1987,USA,0
559,tt0094812,bull durham,1988,0,7.1,44027,7000000,15,6,1988,USA,0
560,tt0095016,die hard,1988,1,8.2,725791,28000000,20,7,1988,USA,0
561,tt0096257,the thin blue line,1988,0,8,19956,260000,25,8,1988,USA,0
562,tt0094947,dangerous liaisons,1988,1,7.6,60282,14000000,24,2,1989,USA,0
563,tt0096028,salaam bombay!,1988,0,8,7809,3325000,7,10,1988,USA,0
564,tt0095765,cinema paradiso,1988,1,8.5,204298,5000000,23,2,1990,USA,0
565,tt0096438,who framed roger rabbit,1988,1,7.7,169833,70000000,22,6,1988,USA,0
566,tt0096288,landscape in the mist,1988,0,8,6062,225000,10,9,1988,Greece,0
567,tt0095675,women on the verge of a nervous breakdown,1988,1,7.6,31542,700000,11,11,1988,USA,0
568,tt0097937,my left foot,1989,1,7.9,61504,600000,30,3,1990,USA,0
569,tt0097202,the killer,1989,0,7.8,43341,1021720,24,3,1989,Taiwan,0
570,tt0096969,born on the fourth of july,1989,1,7.2,90613,14000000,5,1,1990,USA,0
571,tt0098724,"sex, lies, and videotape",1989,1,7.2,45088,1200000,22,9,1989,USA,0
572,tt0097351,field of dreams,1989,1,7.5,100723,15000000,5,5,1989,USA,0
573,tt0092337,dekalog,1989,0,9,18797,100000,10,12,1989,Poland,0
574,tt0097216,do the right thing,1989,1,7.9,75919,6500000,21,7,1989,USA,0
575,tt0097123,crimes and misdemeanors,1989,1,7.9,50739,19000000,3,11,1989,USA,0
576,tt0098635,when harry met sally,1989,1,7.6,178639,16000000,21,7,1989,USA,0
577,tt0097240,drugstore cowboy,1989,1,7.4,29870,2500000,20,10,1989,USA,0
578,tt0100142,metropolitan,1990,1,7.4,8672,225000,3,8,1990,USA,0
579,tt0100150,miller's crossing,1990,0,7.8,118833,14000000,5,10,1990,USA,0
580,tt0100557,the nasty girl,1990,0,7.4,2280,650000,15,2,1990,West Germany,0
581,tt0100486,reversal of fortune,1990,0,7.2,13359,4880000,9,11,1990,USA,0
582,tt0099776,europa europa,1990,1,7.6,13754,1850000,14,11,1990,France,0
583,tt0099703,the grifters,1990,0,7,23746,5000000,25,1,1991,USA,0
584,tt0100234,close-up,1990,1,8.3,12772,180000,30,10,1991,France,0
585,tt0099334,cyrano de bergerac,1990,0,7.5,20888,15300000,1,12,1990,USA,0
586,tt0099685,goodfellas,1990,1,8.7,915512,25000000,21,9,1990,USA,0
587,tt0101700,delicatessen,1991,0,7.6,75440,4063422,3,4,1992,USA,0
588,tt0101428,la belle noiseuse,1991,0,7.7,6003,150000,4,9,1991,France,0
589,tt0102138,jfk,1991,1,8,131603,40000000,20,12,1991,USA,0
590,tt0101507,boyz n the hood,1991,1,7.8,113454,6500000,12,7,1991,USA,0
591,tt0103064,terminator 2: judgment day,1991,0,8.5,916747,102000000,3,7,1991,USA,0
592,tt0103074,thelma & louise,1991,1,7.4,123099,16500000,24,5,1991,USA,0
593,tt0101414,beauty and the beast,1991,1,8,393788,25000000,22,11,1991,USA,0
594,tt0101640,raise the red lantern,1991,1,8.2,26585,11000000,18,12,1991,Italy,0
595,tt0101765,the double life of véronique,1991,0,7.8,36806,320000,22,11,1991,USA,0
596,tt0102592,one false move,1992,0,7.2,8941,80000,8,5,1992,USA,0
597,tt0104797,malcolm x,1992,1,7.7,76353,33000000,18,11,1992,USA,0
598,tt0105151,the player,1992,0,7.6,49851,8000000,8,5,1992,USA,0
599,tt0104036,the crying game,1992,0,7.3,47654,2300000,19,2,1993,USA,0
600,tt0105197,the story of qiu ju,1992,0,7.6,4981,700000,16,4,1993,USA,0
601,tt0105236,reservoir dogs,1992,1,8.3,833645,1200000,2,9,1992,France,0
602,tt0104454,howards end,1992,1,7.5,26111,8000000,26,2,1993,USA,0
603,tt0103639,aladdin,1992,1,8,326508,28000000,25,11,1992,USA,0
604,tt0104348,glengarry glen ross,1992,1,7.8,89107,12500000,2,10,1992,USA,0
605,tt0107822,the piano,1993,1,7.6,73457,7000000,11,2,1994,USA,0
606,tt0108122,short cuts,1993,1,7.7,39825,2000000,1,10,1993,Italy,0
607,tt0107290,jurassic park,1993,1,8.1,790229,63000000,11,6,1993,USA,0
608,tt0107943,the remains of the day,1993,0,7.9,58416,15000000,19,11,1993,USA,0
609,tt0106332,farewell my concubine,1993,1,8.1,22388,4000000,15,10,1993,USA,0
610,tt0106226,the age of innocence,1993,0,7.2,44633,30000000,1,10,1993,USA,0
611,tt0106438,blue,1993,1,7.3,1745,90000,3,12,1993,USA,0
612,tt0107048,groundhog day,1993,1,8,545350,14600000,12,2,1993,USA,0
613,tt0106977,the fugitive,1993,0,7.8,246996,44000000,6,8,1993,USA,0
614,tt0110932,quiz show,1994,1,7.5,61167,31000000,7,10,1994,USA,0
615,tt1245526,red,1994,1,7,272853,58000000,15,10,2010,USA,0
616,tt0109831,four weddings and a funeral,1994,1,7.1,127537,4400000,15,4,1994,USA,0
617,tt0110299,lamerica,1994,0,7.6,1943,2350000,4,10,1995,USA,0
618,tt0109508,crumb,1994,0,8,16983,900000,28,4,1995,USA,0
619,tt0114369,seven,1994,1,8.6,1301465,33000000,22,9,1995,USA,0
620,tt0111161,the shawshank redemption,1994,0,9.3,2119581,25000000,14,10,1994,USA,0
621,tt0110912,pulp fiction,1994,1,8.9,1658791,8000000,14,10,1994,USA,0
622,tt0110057,hoop dreams,1994,0,8.3,22426,700000,14,10,1994,USA,0
623,tt0111507,white,1994,1,7.7,56241,380000,10,6,1994,USA,0
624,tt0113277,heat,1995,1,8.2,527904,60000000,15,12,1995,USA,0
625,tt0112384,apollo 13,1995,1,7.6,248142,52000000,30,6,1995,USA,0
626,tt0113627,leaving las vegas,1995,0,7.5,107402,3600000,9,2,1996,USA,0
627,tt0112769,la cérémonie,1995,0,7.6,8927,4100000,20,12,1996,USA,0
628,tt0112431,babe,1995,1,6.8,109811,30000000,4,8,1995,USA,0
629,tt0114814,the usual suspects,1995,0,8.6,915165,6000000,15,9,1995,USA,0
630,tt0114709,toy story,1995,1,8.3,806913,30000000,22,11,1995,USA,0
631,tt0112641,casino,1995,1,8.2,417703,52000000,22,11,1995,USA,0
632,tt0114388,sense and sensibility,1995,1,7.7,92931,16000000,26,1,1996,USA,0
633,tt0116790,kolya,1996,0,7.8,13648,1207570,24,1,1997,USA,0
634,tt0117318,the people vs. larry flynt,1996,0,7.3,82836,36000000,10,1,1997,USA,0
635,tt0116905,lone star,1996,1,7.5,26321,5000000,21,6,1996,USA,0
636,tt0117951,trainspotting,1996,1,8.1,593203,3500000,9,8,1996,USA,0
637,tt0116695,jerry maguire,1996,1,7.3,223907,50000000,13,12,1996,USA,0
638,tt0117631,shine,1996,1,7.7,48817,5500000,14,2,1997,USA,0
639,tt0117589,secrets & lies,1996,1,8,33966,4500000,28,2,1997,USA,0
640,tt0116282,fargo,1996,1,8.1,566113,7000000,5,4,1996,USA,0
641,tt0115751,breaking the waves,1996,0,7.9,57720,7500000,13,11,1996,USA,0
642,tt0119822,as good as it gets,1997,1,7.7,255953,50000000,25,12,1997,USA,0
643,tt0118799,life is beautiful,1997,0,8.6,559338,20000000,12,2,1999,USA,0
644,tt0118804,the butcher boy,1997,0,7.2,8709,300000,20,2,1998,Ireland,0
645,tt0119008,donnie brasco,1997,1,7.8,256660,35000000,28,2,1997,USA,0
646,tt0120255,the sweet hereafter,1997,0,7.6,30196,3786575,21,11,1997,USA,0
647,tt0118749,boogie nights,1997,1,7.9,221037,15000000,31,10,1997,USA,0
648,tt0120265,taste of cherry,1997,1,7.7,19325,860000,26,11,1997,France,0
649,tt0119164,the full monty,1997,0,7.2,93287,3500000,19,9,1997,USA,0
650,tt0119488,l.a. confidential,1997,1,8.3,497323,35000000,19,9,1997,USA,0
651,tt0147612,happiness,1998,1,7.8,62935,2200000,16,10,1998,USA,0
652,tt0120863,the thin red line,1998,0,7.6,161409,52000000,15,1,1999,USA,0
653,tt0154421,the idiots,1998,0,6.8,27987,2500000,21,5,1998,France,0
654,tt0120382,the truman show,1998,0,8.1,846319,60000000,5,6,1998,USA,0
655,tt0128445,rushmore,1998,1,7.7,158067,9000000,19,2,1999,USA,0
656,tt0120815,saving private ryan,1998,1,8.6,1122842,70000000,24,7,1998,USA,0
657,tt0154420,the celebration,1998,1,8.1,73717,1300000,19,6,1998,Denmark,0
658,tt0140888,central station,1998,1,8,32688,2900000,20,11,1998,USA,0
659,tt0130827,run lola run,1998,1,7.7,179837,1987441,18,6,1999,USA,0
660,tt0120601,being john malkovich,1999,1,7.8,290157,13000000,3,12,1999,USA,0
661,tt0133093,the matrix,1999,0,8.7,1524602,63000000,31,3,1999,USA,0
662,tt0151568,topsy-turvy,1999,1,7.4,11111,10000000,11,2,2000,USA,0
663,tt0120188,three kings,1999,0,7.1,153256,45000000,1,10,1999,USA,0
664,tt0167404,the sixth sense,1999,0,8.1,850640,40000000,6,8,1999,USA,0
665,tt0166896,the straight story,1999,0,8,75058,10000000,3,11,1999,France,0
666,tt0140352,the insider,1999,0,7.9,150533,68000000,5,11,1999,USA,0
667,tt0185125,all about my mother,1999,1,7.9,81429,4989091,31,3,2000,USA,0
668,tt0175880,magnolia,1999,1,8,271315,37000000,7,1,2000,USA,0
669,tt0249462,billy elliot,2000,1,7.7,116365,5000000,10,11,2000,USA,0
670,tt0245712,amores perros,2000,1,8.1,208224,2000000,13,4,2001,USA,0
671,tt0181865,traffic,2000,1,7.6,186927,48000000,5,1,2001,USA,0
672,tt0190332,"crouching tiger, hidden dragon",2000,1,7.9,241128,17000000,12,1,2001,USA,0
673,tt0120630,chicken run,2000,1,7,165095,45000000,23,6,2000,USA,0
674,tt0209144,memento,2000,1,8.5,1038588,9000000,25,5,2001,USA,0
675,tt0244316,yi yi,2000,0,8.1,17316,255999,16,12,2000,Japan,0
676,tt0181875,almost famous,2000,1,7.9,236142,60000000,22,9,2000,USA,0
677,tt0118694,in the mood for love,2000,1,8.1,107075,1333333,9,3,2001,USA,0
678,tt0166924,mulholland dr.,2001,1,8,292991,15000000,19,10,2001,USA,0
679,tt0245429,spirited away,2001,1,8.6,565132,19000000,28,3,2003,USA,0
680,tt0120737,the lord of the rings: fellowship of the ring,2001,0,8.8,1524076,93000000,19,12,2001,USA,0
681,tt0245574,y tu mamá también,2001,0,7.7,107915,2000000,26,4,2002,USA,0
682,tt0211915,amélie,2001,0,8.3,656892,13036814,8,2,2002,USA,0
683,tt0126029,shrek,2001,1,7.9,567446,60000000,18,5,2001,USA,0
684,tt0280707,gosford park,2001,1,7.3,74230,19800000,18,1,2002,USA,0
685,tt0283509,no man's land,2001,0,8,42269,2100000,19,9,2001,France,0
686,tt0203009,moulin rouge!,2001,1,7.6,253069,50000000,1,6,2001,USA,0
687,tt0169102,lagaan,2001,0,8.1,93591,6000000,15,6,2001,USA,0
688,tt0268126,adaptation.,2002,0,7.7,165943,19000000,14,2,2003,USA,0
689,tt0297884,far from heaven,2002,1,7.4,41519,13500000,10,1,2003,USA,0
690,tt0317248,city of god,2002,1,8.6,650244,3300000,13,2,2004,USA,0
691,tt0253474,the pianist,2002,0,8.5,651056,35000000,28,3,2003,USA,0
692,tt0287467,talk to her,2002,1,8,97768,1822654,14,2,2003,USA,0
693,tt0167261,the lord of the rings: the two towers,2002,0,8.7,1364104,94000000,18,12,2002,USA,0
694,tt0301978,ten,2002,1,7.5,6257,96589,18,9,2002,France,0
695,tt0217505,gangs of new york,2002,1,7.5,374340,100000000,20,12,2002,USA,0
696,tt0274558,the hours,2002,0,7.5,117301,25000000,14,2,2003,USA,0
697,tt0167260,the lord of the rings: return of the king,2003,0,8.9,1508444,94000000,17,12,2003,USA,0
698,tt0335266,lost in translation,2003,1,7.7,376835,4000000,3,10,2003,USA,0
699,tt0301357,"good bye, lenin!",2003,0,7.7,129691,4800000,14,5,2004,USA,0
700,tt0327056,mystic river,2003,1,8,390894,25000000,15,10,2003,USA,0
701,tt0311113,master and commander: the far side of the world,2003,1,7.4,190323,150000000,14,11,2003,USA,0
702,tt0364569,oldboy,2003,1,8.4,463611,3000000,21,11,2003,South,0
703,tt0266543,finding nemo,2003,1,8.1,875770,94000000,30,5,2003,USA,0
704,tt0286244,the triplets of belleville,2003,0,7.8,48001,9500000,13,2,2004,USA,0
705,tt0338135,the barbarian invasions,2003,0,7.6,27080,4545450,5,3,2004,USA,0
706,tt0276919,dogville,2003,1,8,127285,12356459,23,4,2004,USA,0
707,tt0375063,sideways,2004,1,7.5,170497,12000000,21,1,2005,USA,0
708,tt0363163,downfall,2004,1,8.2,308204,13500000,8,4,2005,USA,0
709,tt0395169,hotel rwanda,2004,0,8.1,315207,17500000,4,2,2005,USA,0
710,tt0338751,the aviator,2004,0,7.5,309901,110000000,25,12,2004,USA,0
711,tt0385004,house of flying daggers,2004,0,7.5,102801,14409000,14,1,2005,USA,0
712,tt0338013,eternal sunshine of the spotless mind,2004,1,8.3,832094,20000000,19,3,2004,USA,0
713,tt0308644,finding neverland,2004,1,7.7,191454,25000000,17,12,2004,USA,0
714,tt0383694,vera drake,2004,1,7.7,22513,11000000,4,2,2005,USA,0
715,tt0408306,munich,2005,1,7.6,199635,70000000,6,1,2006,USA,0
716,tt0388795,brokeback mountain,2005,1,7.7,301670,14000000,13,1,2006,USA,0
717,tt0427312,grizzly man,2005,0,7.8,48591,200000,2,9,2005,USA,0
718,tt0433383,"good night, and good luck.",2005,1,7.5,90570,7500000,4,11,2005,USA,0
719,tt0387898,caché,2005,0,7.3,66751,8000000,17,2,2006,USA,0
720,tt0379725,capote,2005,1,7.4,117768,7000000,3,2,2006,USA,0
721,tt0419294,the three burials of melquiades estrada,2005,0,7.4,37174,15000000,24,2,2006,USA,0
722,tt0468565,tsotsi,2005,0,7.3,26814,3000000,31,3,2006,USA,0
723,tt0445620,paradise now,2005,1,7.5,21465,2000000,18,11,2005,USA,0
724,tt0399146,a history of violence,2005,1,7.5,211962,32000000,30,9,2005,USA,0
725,tt0449059,little miss sunshine,2006,1,7.8,412038,8000000,18,8,2006,USA,0
726,tt0468492,the host,2006,0,7,85912,10143262,30,3,2007,USA,0
727,tt0475276,united 93,2006,0,7.6,93156,15000000,28,4,2006,USA,0
728,tt0443453,borat: cultural learnings of america for make benefit glorious nation of kazakhstan,2006,1,7.3,334024,18000000,3,11,2006,USA,0
729,tt0436697,the queen,2006,0,7.3,98367,9800000,17,11,2006,USA,0
730,tt0457430,pan's labyrinth,2006,1,8.2,576294,13500000,19,1,2007,USA,0
731,tt0449467,babel,2006,1,7.5,274526,25000000,10,11,2006,USA,0
732,tt0441909,volver,2006,1,7.6,88296,7450000,26,1,2007,USA,0
733,tt0405094,the lives of others,2006,0,8.4,326253,2000000,30,3,2007,USA,0
734,tt0783233,atonement,2007,1,7.8,229884,30000000,11,1,2008,USA,0
735,tt1032846,"4 months, 3 weeks and 2 days",2007,1,7.9,52361,590000,14,9,2007,Romania,0
736,tt0808417,persepolis,2007,1,8.1,82553,7300000,22,2,2008,USA,0
737,tt0467406,juno,2007,1,7.5,468010,7500000,25,12,2007,USA,0
738,tt0469494,there will be blood,2007,1,8.2,467542,25000000,25,1,2008,USA,0
739,tt0465538,michael clayton,2007,1,7.3,149268,25000000,12,10,2007,USA,0
740,tt0382932,ratatouille,2007,1,8,585854,150000000,29,6,2007,USA,0
741,tt0401383,the diving bell and the butterfly,2007,0,8,98872,12800000,1,2,2008,USA,0
742,tt0758758,into the wild,2007,1,8.1,527751,15000000,19,10,2007,USA,0
743,tt0910970,wall•e,2008,0,8.4,915835,180000000,27,6,2008,USA,0
744,tt0421715,the curious case of benjamin button,2008,0,7.8,543195,150000000,25,12,2008,USA,0
745,tt0870111,frost/nixon,2008,1,7.7,97411,25000000,23,1,2009,USA,0
746,tt1013753,milk,2008,1,7.6,156597,20000000,30,1,2009,USA,0
747,tt0468569,the dark knight,2008,1,9,2085197,185000000,18,7,2008,USA,0
748,tt1185616,waltz with bashir,2008,1,8,52513,1500000,12,6,2008,Israel,0
749,tt1139797,let the right one in,2008,1,7.9,195919,4000000,12,12,2008,USA,0
750,tt0929425,gomorrah,2008,0,7,43807,6200000,10,4,2009,USA,0
751,tt0361748,inglourious basterds,2009,1,8.3,1132310,75000000,21,8,2009,USA,0
752,tt1174732,an education,2009,1,7.3,123573,4500000,5,2,2010,USA,0
753,tt1136608,district 9,2009,1,7.9,607509,30000000,14,8,2009,USA,0
754,tt1193138,up in the air,2009,1,7.4,302242,25000000,23,12,2009,USA,0
755,tt1305806,the secret in their eyes,2009,0,8.2,174491,2000000,21,5,2010,USA,0
756,tt0499549,avatar,2009,1,7.8,1052685,237000000,18,12,2009,USA,0
757,tt1149362,the white ribbon,2009,0,7.8,63212,12000000,5,3,2010,USA,0
758,tt1019452,a serious man,2009,1,7.1,122704,7000000,6,11,2009,USA,0
759,tt0929632,precious,2009,1,7.3,100643,10000000,20,11,2009,USA,0
760,tt1235166,a prophet,2009,1,7.9,88500,12000000,26,3,2010,USA,0
761,tt0947798,black swan,2010,1,8,653137,13000000,17,12,2010,USA,0
762,tt1399683,winter's bone,2010,0,7.2,128333,2000000,16,7,2010,USA,0
763,tt0842926,the kids are all right,2010,0,7,121037,3500000,30,7,2010,USA,0
764,tt1255953,incendies,2010,1,8.3,125913,6800000,12,1,2011,France,0
765,tt0964517,the fighter,2010,0,7.8,318269,25000000,17,12,2010,USA,0
766,tt0435761,toy story 3,2010,1,8.3,694179,200000000,18,6,2010,USA,0
767,tt1285016,the social network,2010,0,7.7,572315,40000000,1,10,2010,USA,0
768,tt1403865,true grit,2010,1,7.6,286285,38000000,22,12,2010,USA,0
769,tt1375666,inception,2010,1,8.8,1858372,160000000,16,7,2010,USA,0
770,tt1832382,a separation,2011,1,8.3,199577,500000,16,3,2011,Iran,0
771,tt0478304,the tree of life,2011,0,6.8,157051,32000000,17,5,2011,France,0
772,tt0970179,hugo,2011,1,7.5,286221,150000000,23,11,2011,USA,0
773,tt1033575,the descendants,2011,0,7.3,224245,20000000,9,12,2011,USA,0
774,tt1605783,midnight in paris,2011,1,7.7,358846,17000000,10,6,2011,USA,0
775,tt1568911,war horse,2011,1,7.2,137283,66000000,25,12,2011,USA,0
776,tt1210166,moneyball,2011,1,7.6,329297,50000000,23,9,2011,USA,0
777,tt1827512,the kid with a bike,2011,0,7.4,24749,6449020,18,5,2011,Belgium,0
778,tt1527186,melancholia,2011,1,7.2,154507,7400000,26,5,2011,Denmark,0
779,tt1045658,silver linings playbook,2012,1,7.7,624067,21000000,25,12,2012,USA,0
780,tt1560747,the master,2012,0,7.1,132778,32000000,21,9,2012,USA,0
781,tt2076220,holy motors,2012,1,7.1,37183,4000000,4,7,2012,France,0
782,tt2125435,beasts of the southern wild,2012,1,7.3,77669,1800000,5,7,2012,Russia,0
783,tt1790885,zero dark thirty,2012,1,7.4,252840,40000000,11,1,2013,USA,0
784,tt0443272,lincoln,2012,1,7.4,230035,65000000,16,11,2012,USA,0
785,tt0454876,life of pi,2012,1,7.9,539926,120000000,21,11,2012,USA,0
786,tt1707386,les misérables,2012,0,7.6,287802,61000000,25,12,2012,USA,0
787,tt1602620,amour,2012,1,7.9,85484,8900000,20,9,2012,Germany,0
788,tt1798709,her,2013,1,8,472303,23000000,10,1,2014,USA,0
789,tt2358891,the great beauty,2013,0,7.8,72859,9200000,14,3,2014,USA,0
790,tt1535109,captain phillips,2013,1,7.8,390168,55000000,11,10,2013,USA,0
791,tt0993846,the wolf of wall street,2013,0,8.2,1046809,100000000,25,12,2013,USA,0
792,tt2718492,ida,2013,1,7.4,47210,2600000,25,10,2013,Poland,0
793,tt2278871,blue is te warmest colour,2013,0,7.8,125668,4000000,9,10,2013,France,0
794,tt1821549,nebraska,2013,1,7.7,105746,12000000,24,1,2014,USA,0
795,tt2042568,inside llewyn davis,2013,1,7.5,124737,11000000,10,1,2014,USA,0
796,tt1454468,gravity,2013,1,7.7,715632,100000000,4,10,2013,USA,0
797,tt3409392,timbuktu,2014,0,7.2,14823,2527835,10,12,2014,France,0
798,tt2737050,"two days, one night",2014,1,7.3,41520,7000000,21,5,2014,Belgium,0
799,tt2278388,the grand budapest hotel,2014,0,8.1,639282,25000000,28,3,2014,USA,0
800,tt2802154,leviathan,2014,1,7.6,43633,3376014,5,2,2015,Russia,0
801,tt5130912,birdman,2014,1,4.9,156,18000000,17,10,2014,USA,0
802,tt2179136,american sniper,2014,1,7.3,404847,58800000,16,1,2015,USA,0
803,tt2582802,whiplash,2014,1,8.5,625238,3300000,15,10,2014,Philippines,0
804,tt2084970,the imitation game,2014,0,8,626329,14000000,25,12,2014,USA,0
805,tt1065073,boyhood,2014,1,7.9,317218,4000000,15,8,2014,USA,0
806,tt2872718,nightcrawler,2014,1,7.9,409645,8500000,31,10,2014,USA,0
807,tt2096673,inside out,2015,1,8.2,543657,175000000,19,6,2015,USA,0
808,tt1596363,the big short,2015,0,7.8,313060,28000000,23,12,2015,USA,0
809,tt3659388,the martian,2015,0,8,687706,108000000,2,10,2015,USA,0
810,tt2402927,carol,2015,1,7.2,101870,11800000,15,1,2016,USA,0
811,tt1663202,the revenant,2015,0,8,628634,135000000,8,1,2016,USA,0
812,tt3808342,son of saul,2015,0,7.5,39587,951973,11,6,2015,Hungary,0
813,tt2381111,brooklyn,2015,1,7.5,118111,11000000,25,11,2015,USA,0
814,tt3170832,room,2015,1,8.2,321254,13000000,22,1,2016,USA,0
815,tt1392190,mad max: fury road,2015,1,8.1,788663,150000000,15,5,2015,USA,0
816,tt3716530,elle,2016,1,7.1,55191,9000000,11,11,2016,USA,0
817,tt2582782,hell or high water,2016,1,7.6,178935,12000000,26,8,2016,USA,0
818,tt4016934,the handmaiden,2016,0,8.1,81469,8307800,1,6,2016,South,0
819,tt2671706,fences,2016,1,7.2,87906,24000000,25,12,2016,USA,0
820,tt2543164,arrival,2016,1,7.9,522937,47000000,11,11,2016,USA,0
821,tt4048272,toni erdmann,2016,1,7.4,38538,3000000,25,12,2016,USA,0
822,tt4034228,manchester by the sea,2016,1,7.8,217220,8500000,16,12,2016,USA,0
823,tt3783958,la la land,2016,1,8,441214,30000000,25,12,2016,USA,0
824,tt5186714,the salesman,2016,0,7.8,42225,1234000,31,8,2016,Iran,0
825,tt6135348,bpm (beats per minute),2017,0,7.5,10758,6200000,23,8,2017,France,0
826,tt5052448,get out,2017,1,7.7,411851,5000000,24,2,2017,USA,0
827,tt6294822,the post,2017,0,7.2,110086,50000000,12,1,2018,USA,0
828,tt4925292,lady bird,2017,1,7.4,181757,10000000,1,12,2017,USA,0
829,tt4995790,the square,2017,0,7.2,45029,5500000,25,8,2017,Sweden,0
830,tt5027774,"three billboards outside ebbing, missouri",2017,1,8.2,352196,15000000,1,12,2017,USA,0
831,tt5013056,dunkirk,2017,1,7.9,474420,100000000,21,7,2017,USA,0
832,tt6304162,the square,2017,0,7.7,24008,6000000,1,6,2017,Russia,0
833,tt5726616,call me by your name,2017,1,7.9,157979,4000000,19,1,2018,USA,0
834,tt5083738,the favourite,2018,0,7.6,123536,15000000,21,12,2018,USA,0
835,tt8267604,capernaum,2018,0,8.5,23529,4000000,20,9,2018,Lebanon,0
836,tt1825683,black panther,2018,1,7.3,530208,200000000,16,2,2018,USA,0
837,tt1517451,a star is born,2018,1,7.7,264944,36000000,5,10,2018,USA,0
838,tt7125860,if beale street could talk,2018,1,7.2,27870,12000000,25,12,2018,USA,0
839,tt8075192,shoplifters,2018,1,8,34399,200000,23,11,2018,USA,0
840,tt6966692,green book,2018,1,8.2,226046,23000000,16,11,2018,USA,1
841,tt6543652,cold war,2018,1,7.6,35080,4300000,22,3,2019,USA,0
842,tt6155172,roma,2018,1,7.8,110503,15000000,21,11,2018,USA,0
843,tt7349662,blackkklansman,2018,1,7.5,157321,15000000,10,8,2018,USA,0
844,tt8991268,honeyland,2019,0,8.1,268,31381,26,7,2019,USA,0
845,tt4154796,avengers: endgame,2019,0,8.7,505154,356000000,26,4,2019,USA,0
846,tt2139881,long shot,2019,0,7,30437,40000000,3,5,2019,USA,0
847,tt3513498,the lego movie 2: the second part,2019,0,6.7,35554,100000000,8,2,2019,USA,0
848,tt9358044,hail satan?,2019,0,7,1063,60000,17,4,2019,USA,0
849,tt6920356,the souvenir,2019,0,6.7,1387,150000,30,8,2019,UK,0
850,tt8923482,one child nation,2019,0,7.7,148,2500000,9,8,2019,USA,0
851,tt0448115,shazam!,2019,0,7.2,156205,100000000,5,4,2019,USA,0
852,tt9358052,knock down the house,2019,0,6.8,6576,8500000,1,5,2019,USA,0
853,tt4154664,captain marvel,2019,1,7,338675,152000000,8,3,2019,USA,0
854,tt2386490,how to train your dragon: the hidden world,2019,1,7.6,69165,129000000,22,2,2019,USA,0
855,tt6857112,us,2019,0,7,134194,20000000,22,3,2019,USA,0
856,tt8760684,apollo 11,2019,0,8.3,9252,40000000,26,6,2019,Belgium,0
857,tt5952594,the mustang,2019,0,6.9,4442,8000000,19,6,2019,France,0
858,tt8080302,penguins,2019,0,6.8,585,150000000,17,4,2019,USA,0
859,tt5577494,clemency,2019,0,5.1,110,4645000,27,12,2019,USA,0
860,tt0837563,pet sematary,2019,0,5.8,50584,21000000,5,4,2019,USA,0
861,tt6513120,fighting with my family,2019,1,7.2,34924,11000000,22,2,2019,USA,0